filename,original_text,tokens,POS,lemmas
My Universe,I was lost in an endless spaceI couldn't find my wayI looked up and I saw your faceAnd heaven came crashing downYou are my universeIt only revolves around youYou're my Venus and MarsThe moon and the starsIn the velvet skyYou are my universeMy light and my darkness tooFor better or worse you are my curseMy universeCounting the stars in the dessert skySparkle's in your eyesMagic moments in the nightShooting comets all aroundYou are my universeIt only revolves around youYou're my Venus and MarsThe moon and the starsIn the velvet skyYou are my universeMy light and my darkness tooFor better or worseYou are my curseMy universeDance a little closer on the milky wayWrapped around eachother we drift awayWe are falling we are flyingDance a little closer on the milky wayWrapped around eachother we drift awayWe are falling we are flyingForeverYou are my universeMy light and my darkness tooFor better or worseYou are my curseMy universe,"['lost', 'endless', 'spacei', 'couldnt', 'find', 'wayi', 'looked', 'saw', 'faceand', 'heaven', 'came', 'crashing', 'downyou', 'universeit', 'revolves', 'around', 'youyoure', 'venus', 'marsthe', 'moon', 'starsin', 'velvet', 'skyyou', 'universemy', 'light', 'darkness', 'toofor', 'better', 'worse', 'cursemy', 'universecounting', 'stars', 'dessert', 'skysparkles', 'eyesmagic', 'moments', 'nightshooting', 'comets', 'aroundyou', 'universeit', 'revolves', 'around', 'youyoure', 'venus', 'marsthe', 'moon', 'starsin', 'velvet', 'skyyou', 'universemy', 'light', 'darkness', 'toofor', 'better', 'worseyou', 'cursemy', 'universedance', 'little', 'closer', 'milky', 'waywrapped', 'around', 'eachother', 'drift', 'awaywe', 'falling', 'flyingdance', 'little', 'closer', 'milky', 'waywrapped', 'around', 'eachother', 'drift', 'awaywe', 'falling', 'flyingforeveryou', 'universemy', 'light', 'darkness', 'toofor', 'better', 'worseyou', 'cursemy', 'universe']","['VERB', 'ADJ', 'NOUN', 'AUX', 'PART', 'VERB', 'NOUN', 'VERB', 'VERB', 'PROPN', 'PROPN', 'AUX', 'VERB', 'NOUN', 'NOUN', 'VERB', 'ADP', 'PROPN', 'PROPN', 'PROPN', 'PROPN', 'PROPN', 'PROPN', 'PROPN', 'VERB', 'ADJ', 'NOUN', 'ADP', 'ADV', 'ADJ', 'NOUN', 'VERB', 'NOUN', 'NOUN', 'NOUN', 'ADJ', 'NOUN', 'VERB', 'NOUN', 'PROPN', 'PROPN', 'VERB', 'ADP', 'PROPN', 'PROPN', 'PROPN', 'PROPN', 'PROPN', 'PROPN', 'PROPN', 'VERB', 'ADJ', 'NOUN', 'ADP', 'ADJ', 'PROPN', 'PROPN', 'NOUN', 'ADV', 'ADJ', 'ADJ', 'VERB', 'ADP', 'NOUN', 'NOUN', 'PROPN', 'VERB', 'NOUN', 'ADV', 'ADJ', 'ADJ', 'VERB', 'ADP', 'NOUN', 'NOUN', 'PROPN', 'VERB', 'NOUN', 'NOUN', 'ADJ', 'NOUN', 'ADP', 'ADJ', 'PROPN', 'PROPN', 'NOUN']","['lose', 'endless', 'spacei', 'could', 'not', 'find', 'wayi', 'look', 'see', 'faceand', 'heaven', 'came', 'crash', 'downyou', 'universeit', 'revolve', 'around', 'youyoure', 'venus', 'marsthe', 'moon', 'starsin', 'velvet', 'skyyou', 'universemy', 'light', 'darkness', 'toofor', 'well', 'bad', 'cursemy', 'universecounte', 'star', 'dessert', 'skysparkle', 'eyesmagic', 'moment', 'nightshoote', 'comet', 'aroundyou', 'universeit', 'revolve', 'around', 'youyoure', 'venus', 'marsthe', 'moon', 'starsin', 'velvet', 'skyyou', 'universemy', 'light', 'darkness', 'toofor', 'well', 'worseyou', 'cursemy', 'universedance', 'little', 'close', 'milky', 'waywrappe', 'around', 'eachother', 'drift', 'awaywe', 'fall', 'flyingdance', 'little', 'close', 'milky', 'waywrappe', 'around', 'eachother', 'drift', 'awaywe', 'fall', 'flyingforeveryou', 'universemy', 'light', 'darkness', 'toofor', 'well', 'worseyou', 'cursemy', 'universe']"
Yellow,"Look at the stars,Look how they shine for you,And everything you do,Yeah they were all yellow,I came alongI wrote a song for youAnd all the things you doAnd it was called yellowSo then I took my turnOh what a thing to have doneAnd it was all yellowYour skinOh yeah your skin and bonesTurn into something beautifulYou know you know I love you soYou know I love you soI swam acrossI jumped across for youOh what a thing to doCause you were all yellowI drew a lineI drew a line for youOh what a thing to doAnd it was all yellowYour skinOh yeah your skin and bonesTurn into something beautifulYou know for you I'd bleed myself dryFor you I'd bleed myself dryIt's true look how they shine for youLook how they shine for youLook how they shine for...Look how they shine for youLook how they shine for youLook how they shineLook at the stars look how they shine for youAnd all the things that you do","['look', 'starslook', 'shine', 'youand', 'everything', 'doyeah', 'yellowi', 'came', 'alongi', 'wrote', 'song', 'youand', 'things', 'doand', 'called', 'yellowso', 'took', 'turnoh', 'thing', 'doneand', 'yellowyour', 'skinoh', 'yeah', 'skin', 'bonesturn', 'something', 'beautifulyou', 'know', 'know', 'love', 'soyou', 'know', 'love', 'soi', 'swam', 'acrossi', 'jumped', 'across', 'youoh', 'thing', 'docause', 'yellowi', 'drew', 'linei', 'drew', 'line', 'youoh', 'thing', 'doand', 'yellowyour', 'skinoh', 'yeah', 'skin', 'bonesturn', 'something', 'beautifulyou', 'know', 'id', 'bleed', 'dryfor', 'id', 'bleed', 'dryits', 'true', 'look', 'shine', 'youlook', 'shine', 'youlook', 'shine', 'forlook', 'shine', 'youlook', 'shine', 'youlook', 'shinelook', 'stars', 'look', 'shine', 'youand', 'things']","['VERB', 'NOUN', 'VERB', 'NOUN', 'PRON', 'NOUN', 'NOUN', 'VERB', 'PROPN', 'VERB', 'PROPN', 'PROPN', 'NOUN', 'NOUN', 'VERB', 'PROPN', 'VERB', 'PROPN', 'NOUN', 'VERB', 'PRON', 'PROPN', 'INTJ', 'NOUN', 'NOUN', 'PRON', 'PRON', 'VERB', 'VERB', 'NOUN', 'NOUN', 'VERB', 'NOUN', 'PROPN', 'PROPN', 'NOUN', 'VERB', 'ADP', 'PROPN', 'PROPN', 'PROPN', 'PROPN', 'VERB', 'PROPN', 'PROPN', 'PROPN', 'PROPN', 'NOUN', 'VERB', 'INTJ', 'PROPN', 'INTJ', 'NOUN', 'NOUN', 'PRON', 'PRON', 'VERB', 'PROPN', 'PROPN', 'PROPN', 'PROPN', 'PROPN', 'PROPN', 'NOUN', 'NOUN', 'ADJ', 'NOUN', 'NOUN', 'NOUN', 'NOUN', 'NOUN', 'VERB', 'ADP', 'NOUN', 'NOUN', 'NOUN', 'NOUN', 'VERB', 'NOUN', 'AUX', 'VERB', 'NOUN', 'NOUN']","['look', 'starslook', 'shine', 'youand', 'everything', 'doyeah', 'yellowi', 'come', 'alongi', 'write', 'song', 'youand', 'thing', 'doand', 'call', 'yellowso', 'take', 'turnoh', 'thing', 'doneand', 'yellowyour', 'skinoh', 'yeah', 'skin', 'bonesturn', 'something', 'beautifulyou', 'know', 'know', 'love', 'soyou', 'know', 'love', 'soi', 'swam', 'acrossi', 'jump', 'across', 'youoh', 'thing', 'docause', 'yellowi', 'draw', 'linei', 'drew', 'line', 'youoh', 'thing', 'doand', 'yellowyour', 'skinoh', 'yeah', 'skin', 'bonesturn', 'something', 'beautifulyou', 'know', 'i', 'd', 'bleed', 'dryfor', 'i', 'd', 'bleed', 'dryit', 'true', 'look', 'shine', 'youlook', 'shine', 'youlook', 'shine', 'forlook', 'shine', 'youlook', 'shine', 'youlook', 'shinelook', 'star', 'look', 'shine', 'youand', 'thing']"
A Sky Full of Stars,Cause you're a skyCause you're a sky full of starsI'm going to give you my heartCause you're a skyCause you're a sky full of starsAnd cause you light up the pathI don't careGo on and tear me apartI don't care if you doCause in a skyCause in a sky full of starsI think I saw youCause you're a skyCause you're a sky full of starsI want to die in your armsCause you get lighterThe more it gets darkI'm going to give you my heartAnd I don't careGo on and tear me apartI don't care if you doCause in a skyCause in a sky full of starsI think I see youI think I see youBecause you're a skyYou're a sky full of starsSuch a heavenly viewYou're such a heavenly view,"['cause', 'youre', 'skycause', 'youre', 'sky', 'full', 'starsim', 'going', 'give', 'heartcause', 'youre', 'skycause', 'youre', 'sky', 'full', 'starsand', 'cause', 'light', 'pathi', 'dont', 'carego', 'tear', 'aparti', 'dont', 'care', 'docause', 'skycause', 'sky', 'full', 'starsi', 'think', 'saw', 'youcause', 'youre', 'skycause', 'youre', 'sky', 'full', 'starsi', 'want', 'die', 'armscause', 'get', 'lighterthe', 'gets', 'darkim', 'going', 'give', 'heartand', 'dont', 'carego', 'tear', 'aparti', 'dont', 'care', 'docause', 'skycause', 'sky', 'full', 'starsi', 'think', 'see', 'youi', 'think', 'see', 'youbecause', 'youre', 'skyyoure', 'sky', 'full', 'starssuch', 'heavenly', 'viewyoure', 'heavenly', 'view']","['SCONJ', 'PRON', 'VERB', 'ADJ', 'PRON', 'AUX', 'NOUN', 'ADJ', 'NOUN', 'VERB', 'VERB', 'NOUN', 'PRON', 'VERB', 'VERB', 'PRON', 'VERB', 'NOUN', 'ADJ', 'NOUN', 'VERB', 'ADJ', 'NOUN', 'AUX', 'PART', 'NOUN', 'PROPN', 'PROPN', 'AUX', 'PART', 'VERB', 'NOUN', 'PROPN', 'NOUN', 'ADJ', 'ADJ', 'NOUN', 'VERB', 'VERB', 'PRON', 'VERB', 'VERB', 'PRON', 'AUX', 'NOUN', 'ADJ', 'ADJ', 'NOUN', 'NOUN', 'NOUN', 'VERB', 'ADJ', 'VERB', 'PROPN', 'VERB', 'PROPN', 'PROPN', 'AUX', 'PART', 'NOUN', 'PROPN', 'PROPN', 'AUX', 'PART', 'VERB', 'NOUN', 'PROPN', 'NOUN', 'ADJ', 'ADJ', 'NOUN', 'VERB', 'PROPN', 'VERB', 'VERB', 'NOUN', 'PRON', 'VERB', 'NOUN', 'NOUN', 'ADJ', 'ADJ', 'ADJ', 'NOUN', 'ADJ', 'NOUN']","['cause', 'you', 're', 'skycause', 'you', 're', 'sky', 'full', 'starsim', 'go', 'give', 'heartcause', 'you', 're', 'skycause', 'you', 're', 'sky', 'full', 'starsand', 'cause', 'light', 'pathi', 'do', 'not', 'carego', 'tear', 'aparti', 'do', 'not', 'care', 'docause', 'skycause', 'sky', 'full', 'starsi', 'think', 'see', 'youcause', 'you', 're', 'skycause', 'you', 're', 'sky', 'full', 'starsi', 'want', 'die', 'armscause', 'get', 'lighterthe', 'get', 'darkim', 'go', 'give', 'heartand', 'do', 'not', 'carego', 'tear', 'aparti', 'do', 'not', 'care', 'docause', 'skycause', 'sky', 'full', 'starsi', 'think', 'see', 'youi', 'think', 'see', 'youbecause', 'you', 're', 'skyyoure', 'sky', 'full', 'starssuch', 'heavenly', 'viewyoure', 'heavenly', 'view']"
Trouble,"Trouble...Trouble, trouble, trouble, troubleTrouble been doggin' my soul since the day I was bornWorry...Worry, worry, worry, worryWorry just will not seem to leave my mind aloneWe'll I've been...Saved by a womanI've been...Saved by a womanI've been...Saved by a womanShe won't let me goShe won't let me go nowShe won't let me goShe won't let me go nowTrouble...Oh, trouble, trouble, trouble, troubleFeels like every time I get back on my feetShe come around and knock me down againWorry...Oh, worry, worry, worry, worrySometimes I swear it feels like this worry is my only friendWe'll I've been saved...By a womanI've been saved...By a womanI've been saved...By a womanShe won't let me goShe won't let me go nowShe won't let me goShe won't let me go nowOh..., Ahhhh....OhhhhShe good to me nowShe gave me love and affectionShe good tell me nowShe gave me love and affectionI Said I love herYes I love herI said I love herI said I love...She good to me nowShe's good to meShe's good to me","['troubletrouble', 'trouble', 'trouble', 'troubletrouble', 'doggin', 'soul', 'since', 'day', 'bornworryworry', 'worry', 'worry', 'worryworry', 'seem', 'leave', 'mind', 'alonewell', 'ive', 'beensaved', 'womanive', 'beensaved', 'womanive', 'beensaved', 'womanshe', 'wont', 'let', 'goshe', 'wont', 'let', 'go', 'nowshe', 'wont', 'let', 'goshe', 'wont', 'let', 'go', 'nowtroubleoh', 'trouble', 'trouble', 'trouble', 'troublefeels', 'like', 'every', 'time', 'get', 'back', 'feetshe', 'come', 'around', 'knock', 'againworryoh', 'worry', 'worry', 'worry', 'worrysometimes', 'swear', 'feels', 'like', 'worry', 'friendwell', 'ive', 'savedby', 'womanive', 'savedby', 'womanive', 'savedby', 'womanshe', 'wont', 'let', 'goshe', 'wont', 'let', 'go', 'nowshe', 'wont', 'let', 'goshe', 'wont', 'let', 'go', 'nowoh', 'ahhhhohhhhshe', 'good', 'nowshe', 'gave', 'love', 'affectionshe', 'good', 'tell', 'nowshe', 'gave', 'love', 'affectioni', 'said', 'love', 'heryes', 'love', 'heri', 'said', 'love', 'heri', 'said', 'loveshe', 'good', 'nowshes', 'good', 'meshes', 'good']","['ADJ', 'NOUN', 'NOUN', 'ADJ', 'ADJ', 'NOUN', 'SCONJ', 'NOUN', 'NOUN', 'NOUN', 'NOUN', 'NOUN', 'VERB', 'VERB', 'NOUN', 'PROPN', 'PRON', 'AUX', 'VERB', 'PROPN', 'PROPN', 'PROPN', 'PROPN', 'PROPN', 'AUX', 'PART', 'VERB', 'PRON', 'AUX', 'PART', 'VERB', 'VERB', 'PROPN', 'AUX', 'PART', 'VERB', 'PRON', 'AUX', 'PART', 'VERB', 'VERB', 'VERB', 'NOUN', 'NOUN', 'NOUN', 'NOUN', 'SCONJ', 'DET', 'NOUN', 'VERB', 'ADV', 'NOUN', 'VERB', 'ADV', 'NOUN', 'PROPN', 'PROPN', 'NOUN', 'PROPN', 'NOUN', 'NOUN', 'VERB', 'ADP', 'NOUN', 'ADJ', 'PRON', 'AUX', 'ADJ', 'ADJ', 'PROPN', 'PROPN', 'PROPN', 'PROPN', 'AUX', 'PART', 'VERB', 'PRON', 'AUX', 'PART', 'VERB', 'VERB', 'PROPN', 'AUX', 'PART', 'VERB', 'PRON', 'AUX', 'PART', 'VERB', 'VERB', 'ADJ', 'NOUN', 'ADJ', 'NOUN', 'VERB', 'NOUN', 'NOUN', 'PROPN', 'PROPN', 'PROPN', 'VERB', 'PROPN', 'PROPN', 'VERB', 'PROPN', 'PROPN', 'PROPN', 'PROPN', 'VERB', 'PROPN', 'PROPN', 'VERB', 'PROPN', 'PROPN', 'VERB', 'ADJ', 'NOUN', 'ADJ']","['troubletrouble', 'trouble', 'trouble', 'troubletrouble', 'doggin', 'soul', 'since', 'day', 'bornworryworry', 'worry', 'worry', 'worryworry', 'seem', 'leave', 'mind', 'alonewell', 'I', 've', 'beensave', 'womanive', 'beensaved', 'womanive', 'beensaved', 'womanshe', 'will', 'not', 'let', 'goshe', 'will', 'not', 'let', 'go', 'nowshe', 'will', 'not', 'let', 'goshe', 'will', 'not', 'let', 'go', 'nowtroubleoh', 'trouble', 'trouble', 'trouble', 'troublefeel', 'like', 'every', 'time', 'get', 'back', 'feetshe', 'come', 'around', 'knock', 'againworryoh', 'worry', 'worry', 'worry', 'worrysometime', 'swear', 'feel', 'like', 'worry', 'friendwell', 'I', 've', 'savedby', 'womanive', 'savedby', 'womanive', 'savedby', 'womanshe', 'will', 'not', 'let', 'goshe', 'will', 'not', 'let', 'go', 'nowshe', 'will', 'not', 'let', 'goshe', 'will', 'not', 'let', 'go', 'nowoh', 'ahhhhohhhhshe', 'good', 'nowshe', 'give', 'love', 'affectionshe', 'good', 'tell', 'nowshe', 'give', 'love', 'affectioni', 'say', 'love', 'heryes', 'love', 'heri', 'say', 'love', 'heri', 'say', 'loveshe', 'good', 'nowshe', 'good', 'mesh', 'good']"
Princess of China,"[Verse 1]Once upon a time somebody ran,Somebody ran away saying fast as I can.I got to go, I got to go!Once upon a time we fell apart,You holding in your hands the two halves of my heart.Oh oh. Oh oh!Once upon a time we're burning bright,Now all we ever seem to do is fight.On and on, and on, and on, and on.Once upon a time on the same side,Once upon a time on the same side in the same game.And why'd you have to go,Have to go and throw it all in my face?[Pre-Chorus]I could've been a princess, you'd be a king,Could've had a castle and worn a ring,But no, you let me go.I could've been a princess, you'd be a king,Could've had a castle and wore a ring,But no, you let me go.[Hook]You stole my star, lalala la lala, lalala la lala, lala la lala.You stole my star, lalala la lala.[Outro]Cause you really hurt me,Oh, you really hurt me.Cause you really hurt me,Oh, you really hurt me.Cause you really hurt me,Oh, you really hurt me, oh.You really hurt me,Oh, you really hurt me.Cause you really hurt me,Oh, you really hurt me.","['verse', '1once', 'upon', 'time', 'somebody', 'ransomebody', 'ran', 'away', 'saying', 'fast', 'cani', 'got', 'go', 'got', 'goonce', 'upon', 'time', 'fell', 'apartyou', 'holding', 'hands', 'two', 'halves', 'heartoh', 'oh', 'oh', 'ohonce', 'upon', 'time', 'burning', 'brightnow', 'ever', 'seem', 'fighton', 'ononce', 'upon', 'time', 'sideonce', 'upon', 'time', 'side', 'gameand', 'whyd', 'gohave', 'go', 'throw', 'faceprechorusi', 'couldve', 'princess', 'youd', 'kingcouldve', 'castle', 'worn', 'ringbut', 'let', 'goi', 'couldve', 'princess', 'youd', 'kingcouldve', 'castle', 'wore', 'ringbut', 'let', 'gohookyou', 'stole', 'star', 'lalala', 'la', 'lala', 'lalala', 'la', 'lala', 'lala', 'la', 'lalayou', 'stole', 'star', 'lalala', 'la', 'lalaoutrocause', 'really', 'hurt', 'meoh', 'really', 'hurt', 'mecause', 'really', 'hurt', 'meoh', 'really', 'hurt', 'mecause', 'really', 'hurt', 'meoh', 'really', 'hurt', 'ohyou', 'really', 'hurt', 'meoh', 'really', 'hurt', 'mecause', 'really', 'hurt', 'meoh', 'really', 'hurt']","['NOUN', 'PROPN', 'SCONJ', 'NOUN', 'PRON', 'NOUN', 'VERB', 'ADV', 'VERB', 'ADJ', 'NOUN', 'AUX', 'VERB', 'VERB', 'NOUN', 'SCONJ', 'NOUN', 'VERB', 'ADV', 'VERB', 'NOUN', 'NUM', 'NOUN', 'NOUN', 'INTJ', 'INTJ', 'NOUN', 'SCONJ', 'NOUN', 'VERB', 'PROPN', 'ADV', 'VERB', 'PROPN', 'NOUN', 'SCONJ', 'NOUN', 'NOUN', 'SCONJ', 'NOUN', 'NOUN', 'NOUN', 'SCONJ', 'PROPN', 'NOUN', 'VERB', 'VERB', 'NOUN', 'AUX', 'AUX', 'VERB', 'PRON', 'PROPN', 'NOUN', 'PROPN', 'VERB', 'INTJ', 'VERB', 'PROPN', 'AUX', 'AUX', 'VERB', 'PRON', 'PROPN', 'NOUN', 'PROPN', 'VERB', 'INTJ', 'VERB', 'PROPN', 'VERB', 'PROPN', 'PROPN', 'PROPN', 'PROPN', 'PROPN', 'PROPN', 'PROPN', 'PROPN', 'PROPN', 'PROPN', 'VERB', 'PROPN', 'PROPN', 'PRON', 'NOUN', 'ADV', 'VERB', 'NOUN', 'ADV', 'VERB', 'PROPN', 'ADV', 'VERB', 'NOUN', 'ADV', 'VERB', 'PROPN', 'ADV', 'VERB', 'NOUN', 'ADV', 'VERB', 'PROPN', 'ADV', 'VERB', 'NOUN', 'ADV', 'VERB', 'PROPN', 'ADV', 'VERB', 'NOUN', 'ADV', 'VERB']","['verse', '1once', 'upon', 'time', 'somebody', 'ransomebody', 'run', 'away', 'say', 'fast', 'cani', 'get', 'go', 'get', 'goonce', 'upon', 'time', 'fall', 'apartyou', 'hold', 'hand', 'two', 'half', 'heartoh', 'oh', 'oh', 'ohonce', 'upon', 'time', 'burn', 'brightnow', 'ever', 'seem', 'fighton', 'ononce', 'upon', 'time', 'sideonce', 'upon', 'time', 'side', 'gameand', 'why', 'd', 'gohave', 'go', 'throw', 'faceprechorusi', 'could', 've', 'princess', 'you', 'd', 'kingcouldve', 'castle', 'wear', 'ringbut', 'let', 'goi', 'could', 've', 'princess', 'you', 'd', 'kingcouldve', 'castle', 'wear', 'ringbut', 'let', 'gohookyou', 'stole', 'star', 'lalala', 'la', 'lala', 'lalala', 'la', 'lala', 'lala', 'la', 'lalayou', 'steal', 'star', 'lalala', 'la', 'lalaoutrocause', 'really', 'hurt', 'meoh', 'really', 'hurt', 'mecause', 'really', 'hurt', 'meoh', 'really', 'hurt', 'mecause', 'really', 'hurt', 'meoh', 'really', 'hurt', 'ohyou', 'really', 'hurt', 'meoh', 'really', 'hurt', 'mecause', 'really', 'hurt', 'meoh', 'really', 'hurt']"
Clocks,"Lights go out and I can't be savedTides that I tried to swim againstYou've put me down upon my kneesOh I beg, I beg and plead (singing)Come out of things unsaid, shoot an apple off my head (and a)Trouble that can't be named, a tiger's waiting to be tamed (singing)You are, you areConfusion never stops, closing walls and ticking clocks (gonna)Come back and take you home, I could not stop that you now know (singing)Come out upon my seas, curse missed opportunities (am I)A part of the cure, or am I part of the disease (singing)You are [4x] (singing)You are [2x]And nothing else comparesOh no nothing else comparesOh and nothing else comparesYou are [continues in background]Home, home, where I wanted to go [2x](I went)Home, home, where I wanted to go (I went)Home, home, where I wanted to go","['lights', 'go', 'cant', 'savedtides', 'tried', 'swim', 'againstyouve', 'put', 'upon', 'kneesoh', 'beg', 'beg', 'plead', 'singingcome', 'things', 'unsaid', 'shoot', 'apple', 'head', 'atrouble', 'cant', 'named', 'tigers', 'waiting', 'tamed', 'singingyou', 'areconfusion', 'never', 'stops', 'closing', 'walls', 'ticking', 'clocks', 'gonnacome', 'back', 'take', 'home', 'could', 'stop', 'know', 'singingcome', 'upon', 'seas', 'curse', 'missed', 'opportunities', 'ia', 'part', 'cure', 'part', 'disease', 'singingyou', '4x', 'singingyou', '2xand', 'nothing', 'else', 'comparesoh', 'nothing', 'else', 'comparesoh', 'nothing', 'else', 'comparesyou', 'continues', 'backgroundhome', 'home', 'wanted', 'go', '2xi', 'wenthome', 'home', 'wanted', 'go', 'wenthome', 'home', 'wanted', 'go']","['NOUN', 'VERB', 'AUX', 'PART', 'NOUN', 'VERB', 'NOUN', 'NOUN', 'VERB', 'SCONJ', 'PROPN', 'PROPN', 'NOUN', 'VERB', 'ADJ', 'NOUN', 'ADJ', 'VERB', 'PROPN', 'NOUN', 'ADJ', 'AUX', 'PART', 'VERB', 'NOUN', 'VERB', 'VERB', 'NOUN', 'NOUN', 'ADV', 'VERB', 'NOUN', 'NOUN', 'VERB', 'NOUN', 'VERB', 'ADP', 'NOUN', 'NOUN', 'AUX', 'VERB', 'VERB', 'ADV', 'SCONJ', 'NOUN', 'VERB', 'VERB', 'NOUN', 'VERB', 'NOUN', 'ADJ', 'NOUN', 'NOUN', 'NOUN', 'NUM', 'NOUN', 'NUM', 'PRON', 'ADV', 'VERB', 'PRON', 'ADV', 'VERB', 'PRON', 'ADV', 'NOUN', 'VERB', 'ADJ', 'NOUN', 'VERB', 'VERB', 'ADJ', 'PROPN', 'PROPN', 'VERB', 'VERB', 'ADJ', 'NOUN', 'VERB', 'VERB']","['light', 'go', 'can', 'not', 'savedtide', 'try', 'swim', 'againstyouve', 'put', 'upon', 'kneesoh', 'beg', 'beg', 'plead', 'singingcome', 'thing', 'unsaid', 'shoot', 'apple', 'head', 'atrouble', 'can', 'not', 'name', 'tiger', 'wait', 'tame', 'singingyou', 'areconfusion', 'never', 'stop', 'closing', 'wall', 'tick', 'clock', 'gonnacome', 'back', 'take', 'home', 'could', 'stop', 'know', 'singingcome', 'upon', 'sea', 'curse', 'miss', 'opportunity', 'ia', 'part', 'cure', 'part', 'disease', 'singingyou', '4x', 'singingyou', '2xand', 'nothing', 'else', 'comparesoh', 'nothing', 'else', 'comparesoh', 'nothing', 'else', 'comparesyou', 'continue', 'backgroundhome', 'home', 'want', 'go', '2xi', 'wenthome', 'home', 'want', 'go', 'wenthome', 'home', 'want', 'go']"
Sparks,"[Verse 1]Did I drive you away?I know what you'll sayYou say, ""Oh, sing one you know""But I promise you thisI'll always look out for youYeah, that's what I'll do[Chorus]I say, ohI say, oh[Verse 2]My heart is yoursIt's you that I hold on toYeah, that's what I doAnd I know I was wrongBut I won't let you downOh yeah, oh yeah, oh yeah, I will, yes I will[Chorus]I said, ohI cry, oh[Bridge]Yeah, I saw sparksYeah, I saw sparksAnd I saw sparksYeah, I saw sparksSing it out[Outro]La, la, la, la, oh…La, la, la, la, oh…La, la, la, la, oh…La, la, la, la, oh…","['verse', '1did', 'drive', 'awayi', 'know', 'youll', 'sayyou', 'say', 'oh', 'sing', 'one', 'knowbut', 'promise', 'thisill', 'always', 'look', 'youyeah', 'thats', 'ill', 'dochorusi', 'say', 'ohi', 'say', 'ohverse', '2my', 'heart', 'yoursits', 'hold', 'toyeah', 'thats', 'doand', 'know', 'wrongbut', 'wont', 'let', 'downoh', 'yeah', 'oh', 'yeah', 'oh', 'yeah', 'yes', 'willchorusi', 'said', 'ohi', 'cry', 'ohbridgeyeah', 'saw', 'sparksyeah', 'saw', 'sparksand', 'saw', 'sparksyeah', 'saw', 'sparkssing', 'outoutrola', 'la', 'la', 'la', 'oh…la', 'la', 'la', 'la', 'oh…la', 'la', 'la', 'la', 'oh…la', 'la', 'la', 'la', 'oh…']","['NOUN', 'X', 'NOUN', 'NOUN', 'VERB', 'PRON', 'AUX', 'PRON', 'VERB', 'INTJ', 'VERB', 'NUM', 'PROPN', 'NOUN', 'AUX', 'ADV', 'VERB', 'NOUN', 'PRON', 'VERB', 'ADJ', 'NOUN', 'VERB', 'PROPN', 'VERB', 'ADJ', 'ADJ', 'NOUN', 'NOUN', 'VERB', 'NOUN', 'PRON', 'VERB', 'NOUN', 'VERB', 'PROPN', 'AUX', 'PART', 'VERB', 'NOUN', 'INTJ', 'INTJ', 'INTJ', 'INTJ', 'INTJ', 'INTJ', 'PROPN', 'VERB', 'PROPN', 'PROPN', 'PROPN', 'VERB', 'PROPN', 'VERB', 'NOUN', 'VERB', 'PROPN', 'VERB', 'VERB', 'PROPN', 'X', 'X', 'PROPN', 'INTJ', 'VERB', 'PROPN', 'X', 'PROPN', 'PROPN', 'INTJ', 'VERB', 'PROPN', 'X', 'PROPN', 'PROPN', 'INTJ', 'VERB', 'PROPN', 'X', 'PROPN', 'PROPN', 'INTJ', 'PUNCT']","['verse', '1did', 'drive', 'awayi', 'know', 'you', 'll', 'sayyou', 'say', 'oh', 'sing', 'one', 'knowbut', 'promise', 'thisill', 'always', 'look', 'youyeah', 'that', 's', 'ill', 'dochorusi', 'say', 'ohi', 'say', 'ohverse', '2my', 'heart', 'yoursit', 'hold', 'toyeah', 'that', 's', 'doand', 'know', 'wrongbut', 'will', 'not', 'let', 'downoh', 'yeah', 'oh', 'yeah', 'oh', 'yeah', 'yes', 'willchorusi', 'say', 'ohi', 'cry', 'ohbridgeyeah', 'see', 'sparksyeah', 'see', 'sparksand', 'see', 'sparksyeah', 'see', 'sparksse', 'outoutrola', 'la', 'la', 'la', 'oh', '…', 'la', 'la', 'la', 'la', 'oh', '…', 'la', 'la', 'la', 'la', 'oh', '…', 'la', 'la', 'la', 'la', 'oh', '…']"
In My Place,"In my place, in my placeWere lines that I couldn't changeI was lost, oh yeahI was lost, I was lostCrossed lines I shouldn't have crossedI was lost, oh yeahYeah, how long must you wait for it?Yeah, how long must you pay for it?Yeah, how long must you wait for it?For it...I was scared, I was scaredTired and underpreparedBut I'll wait for itIf you go, if you goAnd leave me down here on my ownThen I'll wait for youYeah, how long must you wait for it?Yeah, how long must you pay for it?Yeah, how long must you wait for it?Singing please, please, pleaseCome back and sing to meTo me, meCome on and sing it out, now, nowCome on and sing it out...  To me, meCome back and sing itIn my place, in my placeWere lines that I couldn't changeAnd I was lost, oh yeahOh yeah","['place', 'placewere', 'lines', 'couldnt', 'changei', 'lost', 'oh', 'yeahi', 'lost', 'lostcrossed', 'lines', 'shouldnt', 'crossedi', 'lost', 'oh', 'yeahyeah', 'long', 'must', 'wait', 'ityeah', 'long', 'must', 'pay', 'ityeah', 'long', 'must', 'wait', 'itfor', 'iti', 'scared', 'scaredtired', 'underpreparedbut', 'ill', 'wait', 'itif', 'go', 'goand', 'leave', 'ownthen', 'ill', 'wait', 'youyeah', 'long', 'must', 'wait', 'ityeah', 'long', 'must', 'pay', 'ityeah', 'long', 'must', 'wait', 'itsinging', 'please', 'please', 'pleasecome', 'back', 'sing', 'meto', 'mecome', 'sing', 'nowcome', 'sing', 'mecome', 'back', 'sing', 'itin', 'place', 'placewere', 'lines', 'couldnt', 'changeand', 'lost', 'oh', 'yeahoh', 'yeah']","['PROPN', 'NOUN', 'NOUN', 'AUX', 'PART', 'ADV', 'VERB', 'INTJ', 'NOUN', 'VERB', 'VERB', 'NOUN', 'AUX', 'PART', 'VERB', 'VERB', 'INTJ', 'INTJ', 'ADV', 'AUX', 'VERB', 'PROPN', 'ADV', 'AUX', 'VERB', 'VERB', 'ADV', 'AUX', 'VERB', 'ADP', 'PROPN', 'PROPN', 'VERB', 'PROPN', 'PROPN', 'NOUN', 'NOUN', 'VERB', 'PROPN', 'PROPN', 'PROPN', 'PROPN', 'NOUN', 'PROPN', 'ADV', 'AUX', 'VERB', 'PROPN', 'ADV', 'AUX', 'VERB', 'VERB', 'ADV', 'AUX', 'VERB', 'VERB', 'INTJ', 'INTJ', 'VERB', 'ADV', 'NOUN', 'ADJ', 'NOUN', 'VERB', 'NOUN', 'NOUN', 'VERB', 'ADV', 'VERB', 'NOUN', 'NOUN', 'NOUN', 'NOUN', 'AUX', 'PART', 'VERB', 'VERB', 'INTJ', 'INTJ', 'INTJ']","['place', 'placewere', 'line', 'could', 'not', 'changei', 'lose', 'oh', 'yeahi', 'lose', 'lostcrosse', 'line', 'should', 'not', 'crossedi', 'lose', 'oh', 'yeahyeah', 'long', 'must', 'wait', 'ityeah', 'long', 'must', 'pay', 'ityeah', 'long', 'must', 'wait', 'itfor', 'iti', 'scared', 'scaredtire', 'underpreparedbut', 'ill', 'wait', 'itif', 'go', 'goand', 'leave', 'ownthen', 'ill', 'wait', 'youyeah', 'long', 'must', 'wait', 'ityeah', 'long', 'must', 'pay', 'ityeah', 'long', 'must', 'wait', 'itsinge', 'please', 'please', 'pleasecome', 'back', 'sing', 'meto', 'mecome', 'sing', 'nowcome', 'sing', 'mecome', 'back', 'sing', 'itin', 'place', 'placewere', 'line', 'could', 'not', 'changeand', 'lose', 'oh', 'yeahoh', 'yeah']"
Viva La Vida,"I used to rule the worldSeas would rise when I gave the wordNow in the morning I sleep aloneSweep the streets I used to ownI used to roll the diceFeel the fear in my enemy's eyesListen as the crowd would sing""Now the old king is dead! Long live the king!""One minute I held the keyNext the walls were closed on meAnd I discovered that my castles standUpon pillars of salt and pillars of sandI hear Jerusalem bells are ringingRoman Cavalry choirs are singingBe my mirror, my sword and shieldMy missionaries in a foreign fieldFor some reason I can't explainOnce you go there was neverNever an honest wordAnd that was when I ruled the worldIt was the wicked and wild windBlew down the doors to let me inShattered windows and the sound of drumsPeople couldn't believe what I'd becomeRevolutionaries waitFor my head on a silver plateJust a puppet on a lonely stringOh who would ever want to be king?I hear Jerusalem bells are ringingRoman Cavalry choirs are singingBe my mirror, my sword and shieldMy missionaries in a foreign fieldFor some reason I can't explainI know Saint Peter won't call my nameNever an honest wordBut that was when I ruled the worldI hear Jerusalem bells are ringingRoman Cavalry choirs are singingBe my mirror, my sword and shieldMy missionaries in a foreign fieldFor some reason I can't explainI know Saint Peter won't call my nameNever an honest wordBut that was when I ruled the world","['used', 'rule', 'worldseas', 'would', 'rise', 'gave', 'wordnow', 'morning', 'sleep', 'alonesweep', 'streets', 'used', 'owni', 'used', 'roll', 'dicefeel', 'fear', 'enemys', 'eyeslisten', 'crowd', 'would', 'singnow', 'old', 'king', 'dead', 'long', 'live', 'kingone', 'minute', 'held', 'keynext', 'walls', 'closed', 'meand', 'discovered', 'castles', 'standupon', 'pillars', 'salt', 'pillars', 'sandi', 'hear', 'jerusalem', 'bells', 'ringingroman', 'cavalry', 'choirs', 'singingbe', 'mirror', 'sword', 'shieldmy', 'missionaries', 'foreign', 'fieldfor', 'reason', 'cant', 'explainonce', 'go', 'nevernever', 'honest', 'wordand', 'ruled', 'worldit', 'wicked', 'wild', 'windblew', 'doors', 'let', 'inshattered', 'windows', 'sound', 'drumspeople', 'couldnt', 'believe', 'id', 'becomerevolutionaries', 'waitfor', 'head', 'silver', 'platejust', 'puppet', 'lonely', 'stringoh', 'would', 'ever', 'want', 'kingi', 'hear', 'jerusalem', 'bells', 'ringingroman', 'cavalry', 'choirs', 'singingbe', 'mirror', 'sword', 'shieldmy', 'missionaries', 'foreign', 'fieldfor', 'reason', 'cant', 'explaini', 'know', 'saint', 'peter', 'wont', 'call', 'namenever', 'honest', 'wordbut', 'ruled', 'worldi', 'hear', 'jerusalem', 'bells', 'ringingroman', 'cavalry', 'choirs', 'singingbe', 'mirror', 'sword', 'shieldmy', 'missionaries', 'foreign', 'fieldfor', 'reason', 'cant', 'explaini', 'know', 'saint', 'peter', 'wont', 'call', 'namenever', 'honest', 'wordbut', 'ruled', 'world']","['VERB', 'NOUN', 'NOUN', 'AUX', 'VERB', 'VERB', 'PROPN', 'NOUN', 'NOUN', 'NOUN', 'NOUN', 'VERB', 'NOUN', 'VERB', 'NOUN', 'NOUN', 'NOUN', 'PROPN', 'VERB', 'NOUN', 'AUX', 'VERB', 'ADJ', 'NOUN', 'ADJ', 'ADV', 'ADJ', 'PROPN', 'NOUN', 'VERB', 'NOUN', 'NOUN', 'VERB', 'PROPN', 'VERB', 'NOUN', 'NOUN', 'VERB', 'NOUN', 'NOUN', 'PROPN', 'VERB', 'PROPN', 'VERB', 'NOUN', 'NOUN', 'NOUN', 'NOUN', 'PROPN', 'NOUN', 'PROPN', 'NOUN', 'ADJ', 'PROPN', 'NOUN', 'AUX', 'PART', 'VERB', 'VERB', 'NOUN', 'ADJ', 'ADV', 'VERB', 'NOUN', 'ADJ', 'ADJ', 'NOUN', 'NOUN', 'VERB', 'VERB', 'NOUN', 'ADJ', 'NOUN', 'AUX', 'PART', 'VERB', 'PROPN', 'PROPN', 'NOUN', 'PROPN', 'PROPN', 'PROPN', 'PROPN', 'NOUN', 'ADJ', 'NOUN', 'AUX', 'ADV', 'VERB', 'PROPN', 'VERB', 'PROPN', 'VERB', 'NOUN', 'NOUN', 'NOUN', 'NOUN', 'PROPN', 'NOUN', 'PROPN', 'NOUN', 'ADJ', 'PROPN', 'NOUN', 'AUX', 'PART', 'NOUN', 'PROPN', 'PROPN', 'PROPN', 'AUX', 'PART', 'VERB', 'ADV', 'ADJ', 'PROPN', 'VERB', 'PROPN', 'VERB', 'PROPN', 'VERB', 'NOUN', 'NOUN', 'NOUN', 'NOUN', 'PROPN', 'NOUN', 'PROPN', 'NOUN', 'ADJ', 'PROPN', 'NOUN', 'AUX', 'PART', 'NOUN', 'PROPN', 'PROPN', 'PROPN', 'AUX', 'PART', 'VERB', 'ADV', 'ADJ', 'ADV', 'VERB', 'NOUN']","['use', 'rule', 'worldsea', 'would', 'rise', 'give', 'wordnow', 'morning', 'sleep', 'alonesweep', 'street', 'use', 'owni', 'use', 'roll', 'dicefeel', 'fear', 'enemys', 'eyeslisten', 'crowd', 'would', 'singnow', 'old', 'king', 'dead', 'long', 'live', 'kingone', 'minute', 'hold', 'keynext', 'wall', 'close', 'meand', 'discover', 'castle', 'standupon', 'pillar', 'salt', 'pillar', 'sandi', 'hear', 'jerusalem', 'bell', 'ringingroman', 'cavalry', 'choir', 'singingbe', 'mirror', 'sword', 'shieldmy', 'missionary', 'foreign', 'fieldfor', 'reason', 'can', 'not', 'explainonce', 'go', 'nevernever', 'honest', 'wordand', 'rule', 'worldit', 'wicked', 'wild', 'windblew', 'door', 'let', 'inshattere', 'window', 'sound', 'drumspeople', 'could', 'not', 'believe', 'i', 'd', 'becomerevolutionarie', 'waitfor', 'head', 'silver', 'platejust', 'puppet', 'lonely', 'stringoh', 'would', 'ever', 'want', 'kingi', 'hear', 'jerusalem', 'bell', 'ringingroman', 'cavalry', 'choir', 'singingbe', 'mirror', 'sword', 'shieldmy', 'missionary', 'foreign', 'fieldfor', 'reason', 'can', 'not', 'explaini', 'know', 'saint', 'peter', 'will', 'not', 'call', 'namenever', 'honest', 'wordbut', 'rule', 'worldi', 'hear', 'jerusalem', 'bell', 'ringingroman', 'cavalry', 'choir', 'singingbe', 'mirror', 'sword', 'shieldmy', 'missionary', 'foreign', 'fieldfor', 'reason', 'can', 'not', 'explaini', 'know', 'saint', 'peter', 'will', 'not', 'call', 'namenever', 'honest', 'wordbut', 'rule', 'world']"
Paradise,Almost Paradise achimboda deo nunbusinNal hyanghan neoui sarangi onsesang da gajindeutaeIn my life nae jichin sarme kkumcheoreomDagawajun ni moseubeul eonje kkajina saranghal su itdamyeonNeoui soneul japgoseo sesangeul hyanghae himkkeot sorichyeoHaneureul georeo yaksokhae yeongwonhi ojik neomaneul saranghaeBamhaneul byeolbitgateun uri dulmanui areumdaun kkum ParadiseNeowa hamkkehandamyeon eodideun gal su isseo to the my ParadiseNeoreul irheotdeon sigangwa geuapeum modu daijeobwaIjebuteo sijagiya neowa hamkkeTteonaboneun geoya dallyeoganeun geoya loving you foreverAlmost Paradise taeyangboda deo ttaseuhanNal boneun neoui nunbicheun onsesang da gajindeutaeIn my life nae jichin sarme biccheoreomDagawajun ni sarangeul eonje kkajina ganjikhal su itdamyeonYou are All of my love!You are All of my life!Nae modeungeol georeoseo naneunneoreul saranghae!Jeo pureunbada gateun uri dulmanui areumdaun got ParadiseNeowa hamkkehandamyeon eodideun gal su isseo to the my ParadiseNeoreul irheotdeon sigangwa geuapeum modu daijeobwaIjebuteo sijagiya neowa hamkkeTteonaboneun geoya dallyeoganeun geoya loving you foreverAlmost Paradise achimboda deo nunbusinNal hyanghan neoui sarangi onsesang da gajindeutaeIn my life nae jichin sarme kkumcheoreomDagawajun ni moseubeul eonje kkajina saranghal su itdamyeonCheonsagateun ne misoga gadeukhan uri nagwoneNeomaneul wihan kkotteullo yeongwonhi chaewo dulkkeoyaAlmost Paradise taeyangboda deo ttaseuhanNal boneun neoui nunbicheun onsesang da gajindeutaeIn my life nae jichin sarme biccheoreomDagawajun ni sarangeul eonje kkajina ganjikhal su itdamyeonEonjekkajina saranghal su itdamyeon,"['almost', 'paradise', 'achimboda', 'deo', 'nunbusinnal', 'hyanghan', 'neoui', 'sarangi', 'onsesang', 'da', 'gajindeutaein', 'life', 'nae', 'jichin', 'sarme', 'kkumcheoreomdagawajun', 'ni', 'moseubeul', 'eonje', 'kkajina', 'saranghal', 'su', 'itdamyeonneoui', 'soneul', 'japgoseo', 'sesangeul', 'hyanghae', 'himkkeot', 'sorichyeohaneureul', 'georeo', 'yaksokhae', 'yeongwonhi', 'ojik', 'neomaneul', 'saranghaebamhaneul', 'byeolbitgateun', 'uri', 'dulmanui', 'areumdaun', 'kkum', 'paradiseneowa', 'hamkkehandamyeon', 'eodideun', 'gal', 'su', 'isseo', 'paradiseneoreul', 'irheotdeon', 'sigangwa', 'geuapeum', 'modu', 'daijeobwaijebuteo', 'sijagiya', 'neowa', 'hamkketteonaboneun', 'geoya', 'dallyeoganeun', 'geoya', 'loving', 'foreveralmost', 'paradise', 'taeyangboda', 'deo', 'ttaseuhannal', 'boneun', 'neoui', 'nunbicheun', 'onsesang', 'da', 'gajindeutaein', 'life', 'nae', 'jichin', 'sarme', 'biccheoreomdagawajun', 'ni', 'sarangeul', 'eonje', 'kkajina', 'ganjikhal', 'su', 'itdamyeonyou', 'loveyou', 'lifenae', 'modeungeol', 'georeoseo', 'naneunneoreul', 'saranghaejeo', 'pureunbada', 'gateun', 'uri', 'dulmanui', 'areumdaun', 'got', 'paradiseneowa', 'hamkkehandamyeon', 'eodideun', 'gal', 'su', 'isseo', 'paradiseneoreul', 'irheotdeon', 'sigangwa', 'geuapeum', 'modu', 'daijeobwaijebuteo', 'sijagiya', 'neowa', 'hamkketteonaboneun', 'geoya', 'dallyeoganeun', 'geoya', 'loving', 'foreveralmost', 'paradise', 'achimboda', 'deo', 'nunbusinnal', 'hyanghan', 'neoui', 'sarangi', 'onsesang', 'da', 'gajindeutaein', 'life', 'nae', 'jichin', 'sarme', 'kkumcheoreomdagawajun', 'ni', 'moseubeul', 'eonje', 'kkajina', 'saranghal', 'su', 'itdamyeoncheonsagateun', 'ne', 'misoga', 'gadeukhan', 'uri', 'nagwoneneomaneul', 'wihan', 'kkotteullo', 'yeongwonhi', 'chaewo', 'dulkkeoyaalmost', 'paradise', 'taeyangboda', 'deo', 'ttaseuhannal', 'boneun', 'neoui', 'nunbicheun', 'onsesang', 'da', 'gajindeutaein', 'life', 'nae', 'jichin', 'sarme', 'biccheoreomdagawajun', 'ni', 'sarangeul', 'eonje', 'kkajina', 'ganjikhal', 'su', 'itdamyeoneonjekkajina', 'saranghal', 'su', 'itdamyeon']","['ADV', 'PROPN', 'PROPN', 'VERB', 'ADJ', 'NOUN', 'ADJ', 'NOUN', 'PROPN', 'PROPN', 'PROPN', 'PROPN', 'PROPN', 'PROPN', 'PROPN', 'PROPN', 'PROPN', 'PROPN', 'PROPN', 'PROPN', 'PROPN', 'PROPN', 'PROPN', 'PROPN', 'PROPN', 'PROPN', 'PROPN', 'PROPN', 'VERB', 'PROPN', 'PROPN', 'PROPN', 'PROPN', 'PROPN', 'PROPN', 'PROPN', 'PROPN', 'PROPN', 'PROPN', 'PROPN', 'PROPN', 'PROPN', 'PROPN', 'PROPN', 'PROPN', 'PROPN', 'PROPN', 'PROPN', 'PROPN', 'PROPN', 'PROPN', 'PROPN', 'PROPN', 'PROPN', 'PROPN', 'PROPN', 'PROPN', 'PROPN', 'VERB', 'NOUN', 'PROPN', 'PROPN', 'NOUN', 'NOUN', 'VERB', 'PROPN', 'PROPN', 'PROPN', 'PROPN', 'PROPN', 'PROPN', 'PROPN', 'PROPN', 'PROPN', 'PROPN', 'PROPN', 'PROPN', 'PROPN', 'PROPN', 'PROPN', 'PROPN', 'PROPN', 'PROPN', 'PROPN', 'PROPN', 'NOUN', 'PROPN', 'NOUN', 'PROPN', 'PROPN', 'PROPN', 'PROPN', 'PROPN', 'VERB', 'PROPN', 'PROPN', 'PROPN', 'PROPN', 'PROPN', 'PROPN', 'PROPN', 'PROPN', 'PROPN', 'PROPN', 'PROPN', 'PROPN', 'PROPN', 'PROPN', 'PROPN', 'PROPN', 'PROPN', 'PROPN', 'VERB', 'PROPN', 'PROPN', 'PROPN', 'PROPN', 'ADJ', 'NOUN', 'ADJ', 'NOUN', 'PROPN', 'PROPN', 'PROPN', 'PROPN', 'PROPN', 'PROPN', 'PROPN', 'PROPN', 'PROPN', 'PROPN', 'PROPN', 'PROPN', 'PROPN', 'PROPN', 'PROPN', 'PROPN', 'PROPN', 'PROPN', 'PROPN', 'PROPN', 'PROPN', 'PROPN', 'INTJ', 'PROPN', 'PROPN', 'PROPN', 'PROPN', 'NOUN', 'NOUN', 'VERB', 'PROPN', 'PROPN', 'PROPN', 'PROPN', 'PROPN', 'PROPN', 'PROPN', 'PROPN', 'PROPN', 'PROPN', 'PROPN', 'PROPN', 'PROPN', 'PROPN', 'PROPN', 'PROPN', 'PROPN', 'VERB', 'PROPN', 'NOUN']","['almost', 'paradise', 'achimboda', 'deo', 'nunbusinnal', 'hyanghan', 'neoui', 'sarangi', 'onsesang', 'da', 'gajindeutaein', 'life', 'nae', 'jichin', 'sarme', 'kkumcheoreomdagawajun', 'ni', 'moseubeul', 'eonje', 'kkajina', 'saranghal', 'su', 'itdamyeonneoui', 'soneul', 'japgoseo', 'sesangeul', 'hyanghae', 'himkkeot', 'sorichyeohaneureul', 'georeo', 'yaksokhae', 'yeongwonhi', 'ojik', 'neomaneul', 'saranghaebamhaneul', 'byeolbitgateun', 'uri', 'dulmanui', 'areumdaun', 'kkum', 'paradiseneowa', 'hamkkehandamyeon', 'eodideun', 'gal', 'su', 'isseo', 'paradiseneoreul', 'irheotdeon', 'sigangwa', 'geuapeum', 'modu', 'daijeobwaijebuteo', 'sijagiya', 'neowa', 'hamkketteonaboneun', 'geoya', 'dallyeoganeun', 'geoya', 'love', 'foreveralmost', 'paradise', 'taeyangboda', 'deo', 'ttaseuhannal', 'boneun', 'neoui', 'nunbicheun', 'onsesang', 'da', 'gajindeutaein', 'life', 'nae', 'jichin', 'sarme', 'biccheoreomdagawajun', 'ni', 'sarangeul', 'eonje', 'kkajina', 'ganjikhal', 'su', 'itdamyeonyou', 'loveyou', 'lifenae', 'modeungeol', 'georeoseo', 'naneunneoreul', 'saranghaejeo', 'pureunbada', 'gateun', 'uri', 'dulmanui', 'areumdaun', 'get', 'paradiseneowa', 'hamkkehandamyeon', 'eodideun', 'gal', 'su', 'isseo', 'paradiseneoreul', 'irheotdeon', 'sigangwa', 'geuapeum', 'modu', 'daijeobwaijebuteo', 'sijagiya', 'neowa', 'hamkketteonaboneun', 'geoya', 'dallyeoganeun', 'geoya', 'love', 'foreveralmost', 'paradise', 'achimboda', 'deo', 'nunbusinnal', 'hyanghan', 'neoui', 'sarangi', 'onsesang', 'da', 'gajindeutaein', 'life', 'nae', 'jichin', 'sarme', 'kkumcheoreomdagawajun', 'ni', 'moseubeul', 'eonje', 'kkajina', 'saranghal', 'su', 'itdamyeoncheonsagateun', 'ne', 'misoga', 'gadeukhan', 'uri', 'nagwoneneomaneul', 'wihan', 'kkotteullo', 'yeongwonhi', 'chaewo', 'dulkkeoyaalmost', 'paradise', 'taeyangboda', 'deo', 'ttaseuhannal', 'boneun', 'neoui', 'nunbicheun', 'onsesang', 'da', 'gajindeutaein', 'life', 'nae', 'jichin', 'sarme', 'biccheoreomdagawajun', 'ni', 'sarangeul', 'eonje', 'kkajina', 'ganjikhal', 'su', 'itdamyeoneonjekkajina', 'saranghal', 'su', 'itdamyeon']"
Higher Power,"[Intro]Three, two, one[Verse 1]Sometimes I just can't take itSometimes I just can't take it and it isn't alrightI'm not gonna make itAnd I think my shoe's untied (Oh oh)I'm like a broken recordI'm like a broken record and I'm not playin' rightDrocer nekorb a ekil miTill you tell me on your heavenly phone[Pre-Chorus]To hold tight (Hold tight)Come on (Come on), come on (Come on)Oh-oh-oh-oh-oh-oh-ohCome on (Come on), come on (Come on)Yeah, don't let go oh-oh-oh-ohHold tight (Hold tight), hold tight (Hold tight)Oh-oh-oh-oh-oh-oh-oh""It's alright, it's alright"" she saidI've got my hands up shakin' just to let you know[Chorus]That you've got a higher powerGot me singin' evеry second, dancin' every hourOh yеah, you've got a higher powerAnd you're really someone I wanna know (Oh oh)[Verse 2]This boy is electric (Mmm)This boy is electric and you're sparklin' likeThe universe connectedAnd I'm buzzin' night after night after night (Oh oh)This joy is electric (Mmm)This joy is electric and you're circuiting throughI'm so happy that I'm aliveHappy I'm alive at the same time as you[Chorus]'Cause you've got a higher powerGot me singin' every second, dancin' every hourOh yeah, you've got a higher powerAnd you're really someone I wanna know(I wanna know, oh oh)[Bridge]You've got, yeah, you've got a higherYou've got, yeah, you've got a higherYou've got, yeah, you've got a higherYou've got, oh-oh-oh-oh-oh-oh-ohYou've got, oh, you've got a higherYou've got, yeah, you've got a higherYou've got, oh, you've got a higherMy hands up shaking just to let you know now[Chorus]You've got a higher powerYou've got me singin' every second, dancin' every hourOh yeah, you've got a higher powerYou're once in any lifetimeI'm going a million miles an hour[Outro]When for so long I'd been down on my kneesThen your love song saved me over and overFor so long I'd been down on my kneesTill your love song floats me on, ee-on-oh-oh-ohOh oh","['introthree', 'two', 'oneverse', '1sometimes', 'cant', 'take', 'itsometimes', 'cant', 'take', 'isnt', 'alrightim', 'gon', 'na', 'make', 'itand', 'think', 'shoes', 'untied', 'oh', 'ohim', 'like', 'broken', 'recordim', 'like', 'broken', 'record', 'im', 'playin', 'rightdrocer', 'nekorb', 'ekil', 'mitill', 'tell', 'heavenly', 'phoneprechorusto', 'hold', 'tight', 'hold', 'tightcome', 'come', 'come', 'come', 'onohohohohohohohcome', 'come', 'come', 'come', 'onyeah', 'dont', 'let', 'go', 'ohohohohhold', 'tight', 'hold', 'tight', 'hold', 'tight', 'hold', 'tightohohohohohohohits', 'alright', 'alright', 'saidive', 'got', 'hands', 'shakin', 'let', 'knowchorusthat', 'youve', 'got', 'higher', 'powergot', 'singin', 'evеry', 'second', 'dancin', 'every', 'houroh', 'yеah', 'youve', 'got', 'higher', 'powerand', 'youre', 'really', 'someone', 'wan', 'na', 'know', 'oh', 'ohverse', '2this', 'boy', 'electric', 'mmmthis', 'boy', 'electric', 'youre', 'sparklin', 'likethe', 'universe', 'connectedand', 'im', 'buzzin', 'night', 'night', 'night', 'oh', 'ohthis', 'joy', 'electric', 'mmmthis', 'joy', 'electric', 'youre', 'circuiting', 'throughim', 'happy', 'im', 'alivehappy', 'im', 'alive', 'time', 'youchoruscause', 'youve', 'got', 'higher', 'powergot', 'singin', 'every', 'second', 'dancin', 'every', 'houroh', 'yeah', 'youve', 'got', 'higher', 'powerand', 'youre', 'really', 'someone', 'wan', 'na', 'knowi', 'wan', 'na', 'know', 'oh', 'ohbridgeyouve', 'got', 'yeah', 'youve', 'got', 'higheryouve', 'got', 'yeah', 'youve', 'got', 'higheryouve', 'got', 'yeah', 'youve', 'got', 'higheryouve', 'got', 'ohohohohohohohyouve', 'got', 'oh', 'youve', 'got', 'higheryouve', 'got', 'yeah', 'youve', 'got', 'higheryouve', 'got', 'oh', 'youve', 'got', 'highermy', 'hands', 'shaking', 'let', 'know', 'nowchorusyouve', 'got', 'higher', 'poweryouve', 'got', 'singin', 'every', 'second', 'dancin', 'every', 'houroh', 'yeah', 'youve', 'got', 'higher', 'poweryoure', 'lifetimeim', 'going', 'million', 'miles', 'houroutrowhen', 'long', 'id', 'kneesthen', 'love', 'song', 'saved', 'overfor', 'long', 'id', 'kneestill', 'love', 'song', 'floats', 'eeonohohohoh', 'oh']","['PROPN', 'NUM', 'ADJ', 'NUM', 'AUX', 'PART', 'VERB', 'NOUN', 'AUX', 'PART', 'VERB', 'AUX', 'PART', 'ADJ', 'VERB', 'PART', 'VERB', 'PROPN', 'VERB', 'NOUN', 'VERB', 'INTJ', 'PROPN', 'INTJ', 'VERB', 'PROPN', 'ADP', 'VERB', 'NOUN', 'PROPN', 'VERB', 'PROPN', 'PROPN', 'PROPN', 'PROPN', 'NOUN', 'VERB', 'ADJ', 'NOUN', 'VERB', 'ADJ', 'NOUN', 'NOUN', 'VERB', 'VERB', 'VERB', 'ADV', 'VERB', 'VERB', 'VERB', 'NOUN', 'AUX', 'PART', 'VERB', 'VERB', 'VERB', 'ADJ', 'NOUN', 'ADJ', 'NOUN', 'ADJ', 'NOUN', 'NOUN', 'INTJ', 'INTJ', 'ADJ', 'VERB', 'NOUN', 'NOUN', 'VERB', 'PRON', 'PRON', 'AUX', 'VERB', 'ADJ', 'NOUN', 'NOUN', 'ADJ', 'ADJ', 'PROPN', 'DET', 'NOUN', 'NOUN', 'PRON', 'AUX', 'VERB', 'ADJ', 'NOUN', 'PRON', 'VERB', 'ADV', 'PRON', 'VERB', 'PART', 'VERB', 'INTJ', 'ADJ', 'PRON', 'NOUN', 'ADJ', 'PROPN', 'NOUN', 'ADJ', 'PRON', 'VERB', 'PROPN', 'PROPN', 'PROPN', 'PROPN', 'PRON', 'VERB', 'PROPN', 'PROPN', 'NOUN', 'NOUN', 'INTJ', 'PROPN', 'NOUN', 'PROPN', 'PROPN', 'PROPN', 'PROPN', 'PRON', 'AUX', 'VERB', 'PROPN', 'ADJ', 'PRON', 'VERB', 'ADJ', 'PRON', 'VERB', 'ADJ', 'NOUN', 'NOUN', 'PRON', 'AUX', 'VERB', 'ADJ', 'NOUN', 'NOUN', 'DET', 'ADJ', 'PROPN', 'DET', 'NOUN', 'INTJ', 'PRON', 'AUX', 'VERB', 'ADJ', 'NOUN', 'PRON', 'VERB', 'ADV', 'PRON', 'VERB', 'ADP', 'PROPN', 'PROPN', 'PART', 'VERB', 'INTJ', 'NOUN', 'VERB', 'INTJ', 'PRON', 'AUX', 'VERB', 'NOUN', 'VERB', 'INTJ', 'PRON', 'AUX', 'VERB', 'NOUN', 'VERB', 'INTJ', 'PRON', 'AUX', 'VERB', 'NOUN', 'VERB', 'NOUN', 'VERB', 'INTJ', 'PRON', 'AUX', 'VERB', 'NOUN', 'VERB', 'INTJ', 'PRON', 'AUX', 'VERB', 'NOUN', 'VERB', 'INTJ', 'PRON', 'AUX', 'VERB', 'ADJ', 'NOUN', 'VERB', 'VERB', 'VERB', 'NOUN', 'VERB', 'ADJ', 'NOUN', 'VERB', 'NOUN', 'DET', 'ADJ', 'PROPN', 'DET', 'NOUN', 'INTJ', 'PRON', 'AUX', 'VERB', 'ADJ', 'NOUN', 'PROPN', 'VERB', 'NUM', 'NOUN', 'ADV', 'PROPN', 'PROPN', 'PROPN', 'NOUN', 'NOUN', 'NOUN', 'VERB', 'PROPN', 'PROPN', 'PROPN', 'PROPN', 'NOUN', 'NOUN', 'NOUN', 'VERB', 'PROPN', 'INTJ']","['introthree', 'two', 'oneverse', '1sometimes', 'can', 'not', 'take', 'itsometime', 'can', 'not', 'take', 'be', 'not', 'alrightim', 'go', 'to', 'make', 'itand', 'think', 'shoe', 'untie', 'oh', 'ohim', 'like', 'break', 'recordim', 'like', 'break', 'record', 'i', 'm', 'playin', 'rightdrocer', 'nekorb', 'ekil', 'mitill', 'tell', 'heavenly', 'phoneprechorusto', 'hold', 'tight', 'hold', 'tightcome', 'come', 'come', 'come', 'onohohohohohohohcome', 'come', 'come', 'come', 'onyeah', 'do', 'not', 'let', 'go', 'ohohohohhold', 'tight', 'hold', 'tight', 'hold', 'tight', 'hold', 'tightohohohohohohohit', 'alright', 'alright', 'saidive', 'get', 'hand', 'shakin', 'let', 'knowchorusthat', 'you', 've', 'get', 'high', 'powergot', 'singin', 'evеry', 'second', 'dancin', 'every', 'houroh', 'yеah', 'you', 've', 'get', 'high', 'powerand', 'you', 're', 'really', 'someone', 'wan', 'na', 'know', 'oh', 'ohverse', '2this', 'boy', 'electric', 'mmmthis', 'boy', 'electric', 'you', 're', 'sparklin', 'likethe', 'universe', 'connectedand', 'I', 'm', 'buzzin', 'night', 'night', 'night', 'oh', 'ohthis', 'joy', 'electric', 'mmmthis', 'joy', 'electric', 'you', 're', 'circuit', 'throughim', 'happy', 'I', 'm', 'alivehappy', 'I', 'm', 'alive', 'time', 'youchoruscause', 'you', 've', 'get', 'high', 'powergot', 'singin', 'every', 'second', 'dancin', 'every', 'houroh', 'yeah', 'you', 've', 'get', 'high', 'powerand', 'you', 're', 'really', 'someone', 'wan', 'na', 'knowi', 'wan', 'na', 'know', 'oh', 'ohbridgeyouve', 'get', 'yeah', 'you', 've', 'get', 'higheryouve', 'get', 'yeah', 'you', 've', 'get', 'higheryouve', 'get', 'yeah', 'you', 've', 'get', 'higheryouve', 'get', 'ohohohohohohohyouve', 'get', 'oh', 'you', 've', 'get', 'higheryouve', 'get', 'yeah', 'you', 've', 'get', 'higheryouve', 'get', 'oh', 'you', 've', 'get', 'highermy', 'hand', 'shake', 'let', 'know', 'nowchorusyouve', 'get', 'high', 'poweryouve', 'get', 'singin', 'every', 'second', 'dancin', 'every', 'houroh', 'yeah', 'you', 've', 'get', 'high', 'poweryoure', 'lifetimeim', 'go', 'million', 'mile', 'houroutrowhen', 'long', 'i', 'd', 'kneesthen', 'love', 'song', 'save', 'overfor', 'long', 'i', 'd', 'kneestill', 'love', 'song', 'float', 'eeonohohohoh', 'oh']"
Everglow,"I or I or I or INanana NananaEVERGLOWI or I or I or INanana NananaYou crouched for a long timeGet up and get up.Oh, you were locked up.It's just outside the window frame.Ah on the white canvasOh rainbow dream I'll draw youTurn to sleepLooking forward to the days of snowDraw you the one I always dreamed of.Time that you did not knowWaiting for this momentHeart throbbingShout louderI'm ready. I'm ready.Everything, everythingYou gotta want my everythingEverything, everythingYou gotta want my everythingThe light that wakes you upBon bon chocolat, go up to the skyI or I or I or INanana NananaNanananaI or I or I or INanana NananaBon bon chocolatI or I or I or INanana NananaNanananaI or I or I or INanana NananaYou'll have to be nervous.A miracle you makeTurn up with small wingsEvery night.Sweet your dream alwaysHidden at the end of an endless tunnelI look forward to the world for youMore eye-catching lightFly higher baby baby it's you babeWaiting for this momentHeart throbbingShout louderI'm ready. I'm ready.Everything, everythingYou gotta want my everythingEverything, everythingYou gotta want my everythingThe light that wakes you upBon bon chocolat, go up to the skyI or I or I or INanana NananaNanananaI or I or I or INanana NananaBon bon chocolatI or I or I or INanana NananaNanananaI or I or I or INanana NananaFeel like a sweet dreamWhen the sun shines more beautifulThe closer the light will be, the hotter the dreamTogether we remember together always foreverI or I or I or INanana Nanana (ooh no)I or I or I or INanana Nanana (ohhh)I or I or I or INanana Nanana (ooh whoa)I or I or I or IOh whoaWaiting for this momentHeart throbbingShout louderI'm ready. I'm ready.Everything, everythingYou gotta want my everythingEverything, everything (ooh ooh ooh)You gotta want my everythingThe light that wakes you up (light, light)Bon bon chocolat, go up to the skyI or I or I or INanana NananaNanananaI or I or I or INanana NananaBon bon chocolatI or I or I or INanana NananaNanananaI or I or I or INanana NananaI or I or I or INanana NananaI or I or I or INanana NananaI or I or I or INanana NananaI or I or I or INanana Nanana","['inanana', 'nananaeverglowi', 'inanana', 'nananayou', 'crouched', 'long', 'timeget', 'get', 'upoh', 'locked', 'upits', 'outside', 'window', 'frameah', 'white', 'canvasoh', 'rainbow', 'dream', 'ill', 'draw', 'youturn', 'sleeplooking', 'forward', 'days', 'snowdraw', 'one', 'always', 'dreamed', 'oftime', 'knowwaiting', 'momentheart', 'throbbingshout', 'louderim', 'ready', 'im', 'readyeverything', 'everythingyou', 'got', 'ta', 'want', 'everythingeverything', 'everythingyou', 'got', 'ta', 'want', 'everythingthe', 'light', 'wakes', 'upbon', 'bon', 'chocolat', 'go', 'skyi', 'inanana', 'nananananananai', 'inanana', 'nananabon', 'bon', 'chocolati', 'inanana', 'nananananananai', 'inanana', 'nananayoull', 'nervousa', 'miracle', 'maketurn', 'small', 'wingsevery', 'nightsweet', 'dream', 'alwayshidden', 'end', 'endless', 'tunneli', 'look', 'forward', 'world', 'youmore', 'eyecatching', 'lightfly', 'higher', 'baby', 'baby', 'babewaiting', 'momentheart', 'throbbingshout', 'louderim', 'ready', 'im', 'readyeverything', 'everythingyou', 'got', 'ta', 'want', 'everythingeverything', 'everythingyou', 'got', 'ta', 'want', 'everythingthe', 'light', 'wakes', 'upbon', 'bon', 'chocolat', 'go', 'skyi', 'inanana', 'nananananananai', 'inanana', 'nananabon', 'bon', 'chocolati', 'inanana', 'nananananananai', 'inanana', 'nananafeel', 'like', 'sweet', 'dreamwhen', 'sun', 'shines', 'beautifulthe', 'closer', 'light', 'hotter', 'dreamtogether', 'remember', 'together', 'always', 'foreveri', 'inanana', 'nanana', 'ooh', 'noi', 'inanana', 'nanana', 'ohhhi', 'inanana', 'nanana', 'ooh', 'whoai', 'ioh', 'whoawaiting', 'momentheart', 'throbbingshout', 'louderim', 'ready', 'im', 'readyeverything', 'everythingyou', 'got', 'ta', 'want', 'everythingeverything', 'everything', 'ooh', 'ooh', 'oohyou', 'got', 'ta', 'want', 'everythingthe', 'light', 'wakes', 'light', 'lightbon', 'bon', 'chocolat', 'go', 'skyi', 'inanana', 'nananananananai', 'inanana', 'nananabon', 'bon', 'chocolati', 'inanana', 'nananananananai', 'inanana', 'nananai', 'inanana', 'nananai', 'inanana', 'nananai', 'inanana', 'nananai', 'inanana', 'nanana']","['PROPN', 'PROPN', 'PROPN', 'PROPN', 'VERB', 'ADV', 'NOUN', 'VERB', 'PROPN', 'ADJ', 'NOUN', 'ADP', 'NOUN', 'NOUN', 'PROPN', 'PROPN', 'PROPN', 'PROPN', 'ADJ', 'NOUN', 'NOUN', 'VERB', 'ADP', 'NOUN', 'ADJ', 'NUM', 'ADV', 'VERB', 'ADV', 'VERB', 'NOUN', 'NOUN', 'PROPN', 'ADJ', 'PRON', 'AUX', 'VERB', 'PROPN', 'VERB', 'PART', 'VERB', 'VERB', 'PRON', 'VERB', 'PART', 'VERB', 'DET', 'ADJ', 'NOUN', 'ADJ', 'PROPN', 'PROPN', 'PROPN', 'PROPN', 'PROPN', 'PROPN', 'PROPN', 'PROPN', 'PROPN', 'PROPN', 'PROPN', 'PROPN', 'PROPN', 'PROPN', 'PROPN', 'PROPN', 'PROPN', 'ADJ', 'NOUN', 'NOUN', 'NOUN', 'NOUN', 'NOUN', 'ADJ', 'NOUN', 'VERB', 'ADV', 'NOUN', 'ADV', 'VERB', 'ADV', 'ADJ', 'NOUN', 'NOUN', 'VERB', 'NOUN', 'NOUN', 'PROPN', 'ADJ', 'PRON', 'AUX', 'VERB', 'PROPN', 'VERB', 'PART', 'VERB', 'VERB', 'PRON', 'VERB', 'PART', 'VERB', 'DET', 'ADJ', 'NOUN', 'ADJ', 'PROPN', 'PROPN', 'PROPN', 'PROPN', 'PROPN', 'PROPN', 'PROPN', 'PROPN', 'PROPN', 'PROPN', 'PROPN', 'PROPN', 'PROPN', 'PROPN', 'ADP', 'ADJ', 'PROPN', 'PROPN', 'VERB', 'PRON', 'ADJ', 'ADJ', 'ADJ', 'NOUN', 'VERB', 'ADV', 'ADV', 'PROPN', 'PROPN', 'PROPN', 'PROPN', 'PROPN', 'PROPN', 'PROPN', 'PROPN', 'PROPN', 'PROPN', 'PROPN', 'PROPN', 'PROPN', 'VERB', 'NOUN', 'NOUN', 'PROPN', 'ADJ', 'PRON', 'AUX', 'VERB', 'PROPN', 'VERB', 'PART', 'VERB', 'VERB', 'PRON', 'INTJ', 'INTJ', 'NOUN', 'VERB', 'PART', 'VERB', 'DET', 'ADJ', 'NOUN', 'VERB', 'PROPN', 'PROPN', 'PROPN', 'PROPN', 'PROPN', 'PROPN', 'PROPN', 'PROPN', 'PROPN', 'PROPN', 'PROPN', 'PROPN', 'PROPN', 'PROPN', 'PROPN', 'PROPN', 'PROPN', 'PROPN', 'PROPN', 'PROPN', 'PROPN', 'PROPN', 'PROPN']","['inanana', 'nananaeverglowi', 'inanana', 'nananayou', 'crouch', 'long', 'timeget', 'get', 'upoh', 'locked', 'upit', 'outside', 'window', 'frameah', 'white', 'canvasoh', 'rainbow', 'dream', 'ill', 'draw', 'youturn', 'sleeplooke', 'forward', 'day', 'snowdraw', 'one', 'always', 'dream', 'oftime', 'knowwaite', 'momentheart', 'throbbingshout', 'louderim', 'ready', 'I', 'm', 'readyeverythe', 'everythingyou', 'get', 'to', 'want', 'everythingeverythe', 'everythingyou', 'get', 'to', 'want', 'everythingthe', 'light', 'wake', 'upbon', 'bon', 'chocolat', 'go', 'skyi', 'inanana', 'nananananananai', 'inanana', 'nananabon', 'bon', 'chocolati', 'inanana', 'nananananananai', 'inanana', 'nananayoull', 'nervousa', 'miracle', 'maketurn', 'small', 'wingsevery', 'nightsweet', 'dream', 'alwayshidden', 'end', 'endless', 'tunneli', 'look', 'forward', 'world', 'youmore', 'eyecatche', 'lightfly', 'high', 'baby', 'baby', 'babewaite', 'momentheart', 'throbbingshout', 'louderim', 'ready', 'I', 'm', 'readyeverythe', 'everythingyou', 'get', 'to', 'want', 'everythingeverythe', 'everythingyou', 'get', 'to', 'want', 'everythingthe', 'light', 'wake', 'upbon', 'bon', 'chocolat', 'go', 'skyi', 'inanana', 'nananananananai', 'inanana', 'nananabon', 'bon', 'chocolati', 'inanana', 'nananananananai', 'inanana', 'nananafeel', 'like', 'sweet', 'dreamwhen', 'sun', 'shine', 'beautifulthe', 'close', 'light', 'hot', 'dreamtogether', 'remember', 'together', 'always', 'foreveri', 'inanana', 'nanana', 'ooh', 'noi', 'inanana', 'nanana', 'ohhhi', 'inanana', 'nanana', 'ooh', 'whoai', 'ioh', 'whoawaite', 'momentheart', 'throbbingshout', 'louderim', 'ready', 'I', 'm', 'readyeverythe', 'everythingyou', 'get', 'to', 'want', 'everythingeverythe', 'everything', 'ooh', 'ooh', 'oohyou', 'get', 'to', 'want', 'everythingthe', 'light', 'wake', 'light', 'lightbon', 'bon', 'chocolat', 'go', 'skyi', 'inanana', 'nananananananai', 'inanana', 'nananabon', 'bon', 'chocolati', 'inanana', 'nananananananai', 'inanana', 'nananai', 'inanana', 'nananai', 'inanana', 'nananai', 'inanana', 'nananai', 'inanana', 'nanana']"
Magic,"Ho, ho, hoIt's magic you knowNever believe, it's not soIt's magic, you knowNever believe, it's not soNever been awakeNever seen a day breakLeaning on my pillow in the morningLazy day in bedMusic in my headCrazy music playing in the morning lightI love my sunny dayDream of far awayDreaming on my pillow in the morningNever been awakeNever seen a day breakLeaning on my pillow in the morning lightHo, ho, hoIt's magic, you knowNever believe it's not soIt's magic, you knowNever believe, it's not so","['ho', 'ho', 'hoits', 'magic', 'knownever', 'believe', 'soits', 'magic', 'knownever', 'believe', 'sonever', 'awakenever', 'seen', 'day', 'breakleaning', 'pillow', 'morninglazy', 'day', 'bedmusic', 'headcrazy', 'music', 'playing', 'morning', 'lighti', 'love', 'sunny', 'daydream', 'far', 'awaydreaming', 'pillow', 'morningnever', 'awakenever', 'seen', 'day', 'breakleaning', 'pillow', 'morning', 'lightho', 'ho', 'hoits', 'magic', 'knownever', 'believe', 'soits', 'magic', 'knownever', 'believe']","['PROPN', 'PROPN', 'VERB', 'PROPN', 'PROPN', 'VERB', 'VERB', 'PROPN', 'PROPN', 'VERB', 'PROPN', 'PROPN', 'VERB', 'NOUN', 'NOUN', 'NOUN', 'ADJ', 'NOUN', 'ADJ', 'ADJ', 'NOUN', 'VERB', 'NOUN', 'NOUN', 'VERB', 'ADJ', 'NOUN', 'ADV', 'ADJ', 'NOUN', 'NOUN', 'NOUN', 'VERB', 'NOUN', 'NOUN', 'NOUN', 'NOUN', 'PROPN', 'PROPN', 'VERB', 'PROPN', 'PROPN', 'VERB', 'VERB', 'PROPN', 'PROPN', 'VERB']","['ho', 'ho', 'hoit', 'magic', 'knownever', 'believe', 'soit', 'magic', 'knownever', 'believe', 'sonever', 'awakenever', 'see', 'day', 'breakleaning', 'pillow', 'morninglazy', 'day', 'bedmusic', 'headcrazy', 'music', 'play', 'morning', 'lighti', 'love', 'sunny', 'daydream', 'far', 'awaydreaming', 'pillow', 'morningnever', 'awakenever', 'see', 'day', 'breakleaning', 'pillow', 'morning', 'lightho', 'ho', 'hoit', 'magic', 'knownever', 'believe', 'soit', 'magic', 'knownever', 'believe']"
Adventure of a Lifetime,"[Verse 1]Turn your magic onUmi she'd sayEverything you want's a dream awayWe are legends, every dayThat's what she told me[Refrain]Turn your magic on, to me she'd sayEverything you want's a dream awayUnder this pressure, under this weightWe are diamonds[Chorus 1]Now I feel my heart beating,I feel my heart underneath my skinAnd I feel my heart beatingOh, you make me feelLike I'm alive againAlive againOh, you make me feelLike I'm alive again[Verse 2]Said I can't go on, not in this wayI'm a dream I die by light of dayGonna hold up half the sky and sayOnly I own me[Chorus 2]And I feel my heart beatingI feel my heart underneath my skinOh, I can feel my heart beatingCause you make me feelLike I'm alive againAlive againOh, you make me feelLike I'm alive again[Refrain]Turn your magic on, Umi she'd sayEverything you want's a dream awayUnder this pressure, under this weightWe are diamonds taking shapeWe are diamonds taking shapeRepeated: (Woo hoo, woo hoo)[Bridge]If we've only got this lifeThis adventure, oh then IAnd if we've only got this lifeYou get me throughAnd if we've only got this lifeThis adventure, oh then IWant to share it with youWith you, with youYeah I do[Outro](Woo hoo, woo hoo)(Woo hoo, woo hoo)(Woo hoo, woo hoo)(Woo hoo, woo hoo)(Woo hoo, woo hoo)(Woo hoo, woo hoo)","['verse', '1turn', 'magic', 'onumi', 'shed', 'sayeverything', 'wants', 'dream', 'awaywe', 'legends', 'every', 'daythats', 'told', 'merefrainturn', 'magic', 'shed', 'sayeverything', 'wants', 'dream', 'awayunder', 'pressure', 'weightwe', 'diamondschorus', '1now', 'feel', 'heart', 'beatingi', 'feel', 'heart', 'underneath', 'skinand', 'feel', 'heart', 'beatingoh', 'make', 'feellike', 'im', 'alive', 'againalive', 'againoh', 'make', 'feellike', 'im', 'alive', 'againverse', '2said', 'cant', 'go', 'wayim', 'dream', 'die', 'light', 'daygonna', 'hold', 'half', 'sky', 'sayonly', 'mechorus', '2and', 'feel', 'heart', 'beatingi', 'feel', 'heart', 'underneath', 'skinoh', 'feel', 'heart', 'beatingcause', 'make', 'feellike', 'im', 'alive', 'againalive', 'againoh', 'make', 'feellike', 'im', 'alive', 'againrefrainturn', 'magic', 'umi', 'shed', 'sayeverything', 'wants', 'dream', 'awayunder', 'pressure', 'weightwe', 'diamonds', 'taking', 'shapewe', 'diamonds', 'taking', 'shaperepeated', 'woo', 'hoo', 'woo', 'hoobridgeif', 'weve', 'got', 'lifethis', 'adventure', 'oh', 'iand', 'weve', 'got', 'lifeyou', 'get', 'throughand', 'weve', 'got', 'lifethis', 'adventure', 'oh', 'iwant', 'share', 'youwith', 'youyeah', 'dooutrowoo', 'hoo', 'woo', 'hoowoo', 'hoo', 'woo', 'hoowoo', 'hoo', 'woo', 'hoowoo', 'hoo', 'woo', 'hoowoo', 'hoo', 'woo', 'hoowoo', 'hoo', 'woo', 'hoo']","['NOUN', 'PROPN', 'NOUN', 'PROPN', 'VERB', 'NOUN', 'VERB', 'NOUN', 'PROPN', 'NOUN', 'DET', 'NOUN', 'VERB', 'NOUN', 'NOUN', 'NOUN', 'NOUN', 'VERB', 'NOUN', 'NOUN', 'NOUN', 'NOUN', 'NOUN', 'NOUN', 'VERB', 'NOUN', 'PROPN', 'VERB', 'NOUN', 'ADP', 'PROPN', 'VERB', 'NOUN', 'NOUN', 'VERB', 'ADJ', 'PRON', 'VERB', 'ADJ', 'ADJ', 'NOUN', 'VERB', 'ADJ', 'PRON', 'VERB', 'ADJ', 'NOUN', 'NUM', 'AUX', 'PART', 'VERB', 'NOUN', 'NOUN', 'VERB', 'ADJ', 'NOUN', 'VERB', 'ADJ', 'NOUN', 'ADJ', 'PROPN', 'NUM', 'VERB', 'NOUN', 'PROPN', 'VERB', 'NOUN', 'SCONJ', 'PROPN', 'VERB', 'NOUN', 'NOUN', 'VERB', 'ADJ', 'PRON', 'VERB', 'ADJ', 'ADJ', 'NOUN', 'VERB', 'ADJ', 'PRON', 'VERB', 'ADJ', 'NOUN', 'NOUN', 'PROPN', 'PROPN', 'NOUN', 'VERB', 'NOUN', 'NOUN', 'NOUN', 'NOUN', 'NOUN', 'VERB', 'NOUN', 'NOUN', 'VERB', 'VERB', 'PROPN', 'PROPN', 'PROPN', 'VERB', 'PRON', 'AUX', 'VERB', 'ADJ', 'NOUN', 'INTJ', 'NOUN', 'PRON', 'AUX', 'VERB', 'NOUN', 'VERB', 'NOUN', 'PRON', 'AUX', 'VERB', 'ADJ', 'NOUN', 'INTJ', 'NOUN', 'NOUN', 'PROPN', 'PROPN', 'PROPN', 'PROPN', 'PROPN', 'PROPN', 'PROPN', 'PROPN', 'PROPN', 'PROPN', 'PROPN', 'PROPN', 'PROPN', 'PROPN', 'PROPN', 'PROPN', 'PROPN', 'PROPN', 'PROPN', 'PROPN', 'PROPN']","['verse', '1turn', 'magic', 'onumi', 'shed', 'sayeverything', 'want', 'dream', 'awaywe', 'legend', 'every', 'daythat', 'tell', 'merefrainturn', 'magic', 'shed', 'sayeverything', 'want', 'dream', 'awayunder', 'pressure', 'weightwe', 'diamondschorus', '1now', 'feel', 'heart', 'beatingi', 'feel', 'heart', 'underneath', 'skinand', 'feel', 'heart', 'beatingoh', 'make', 'feellike', 'I', 'm', 'alive', 'againalive', 'againoh', 'make', 'feellike', 'I', 'm', 'alive', 'againverse', '2said', 'can', 'not', 'go', 'wayim', 'dream', 'die', 'light', 'daygonna', 'hold', 'half', 'sky', 'sayonly', 'mechorus', '2and', 'feel', 'heart', 'beatingi', 'feel', 'heart', 'underneath', 'skinoh', 'feel', 'heart', 'beatingcause', 'make', 'feellike', 'I', 'm', 'alive', 'againalive', 'againoh', 'make', 'feellike', 'I', 'm', 'alive', 'againrefrainturn', 'magic', 'umi', 'shed', 'sayeverything', 'want', 'dream', 'awayunder', 'pressure', 'weightwe', 'diamond', 'take', 'shapewe', 'diamond', 'take', 'shaperepeate', 'woo', 'hoo', 'woo', 'hoobridgeif', 'we', 've', 'get', 'lifethis', 'adventure', 'oh', 'iand', 'we', 've', 'get', 'lifeyou', 'get', 'throughand', 'we', 've', 'get', 'lifethis', 'adventure', 'oh', 'iwant', 'share', 'youwith', 'youyeah', 'dooutrowoo', 'hoo', 'woo', 'hoowoo', 'hoo', 'woo', 'hoowoo', 'hoo', 'woo', 'hoowoo', 'hoo', 'woo', 'hoowoo', 'hoo', 'woo', 'hoowoo', 'hoo', 'woo', 'hoo']"
 Something Just Like This,"(feat. The Chainsmokers)[Verse 1: Chris Martin]I've been reading books of oldThe legends and the mythsAchilles and his goldHercules and his giftsSpiderman's controlAnd Batman with his fistsAnd clearly I don't see myself upon that list[Pre-Chorus: Chris Martin]But she said, where'd you wanna go?How much you wanna risk?I'm not looking for somebodyWith some superhuman giftsSome superheroSome fairytale blissJust something I can turn toSomebody I can kiss[Bridge: Chris Martin]I want something just like thisDoo-doo-doo, doo-doo-dooDoo-doo-doo, doo-dooDoo-doo-doo, doo-doo-dooOh, I want something just like thisDoo-doo-doo, doo-doo-dooDoo-doo-doo, doo-dooDoo-doo-doo, doo-doo-doo[Chorus: Chris Martin]Oh, I want something just like thisI want something just like this[Verse 2: Chris Martin]I've been reading books of oldThe legends and the mythsThe testaments they toldThe moon and its eclipseAnd Superman unrollsA suit before he liftsBut I'm not the kind of person that it fits[Pre-Chorus: Chris Martin]She said, where'd you wanna go?How much you wanna risk?I'm not looking for somebodyWith some superhuman giftsSome superheroSome fairytale blissJust something I can turn toSomebody I can miss[Chorus: Chris Martin]I want something just like thisI want something just like this[Bridge: Chris Martin]Oh, I want something just like thisDoo-doo-doo, doo-doo-dooDoo-doo-doo, doo-dooDoo-doo-doo, doo-doo-dooOh, I want something just like thisDoo-doo-doo, doo-doo-dooDoo-doo-doo, doo-dooDoo-doo-doo, doo-doo-doo[Pre-Chorus: Chris Martin]Where'd you wanna go?How much you wanna risk?I'm not looking for somebodyWith some superhuman giftsSome superheroSome fairytale blissJust something I can turn toSomebody I can kissI want something just like this[Chorus: Chris Martin]Oh, I want something just like thisOh, I want something just like thisOh, I want something just like this[Outro: Chris Martin]Arigatou!!!Arigatou gozaimasu!!!","['feat', 'chainsmokersverse', '1', 'chris', 'martinive', 'reading', 'books', 'oldthe', 'legends', 'mythsachilles', 'goldhercules', 'giftsspidermans', 'controland', 'batman', 'fistsand', 'clearly', 'dont', 'see', 'upon', 'listprechorus', 'chris', 'martinbut', 'said', 'whered', 'wan', 'na', 'gohow', 'much', 'wan', 'na', 'riskim', 'looking', 'somebodywith', 'superhuman', 'giftssome', 'superherosome', 'fairytale', 'blissjust', 'something', 'turn', 'tosomebody', 'kissbridge', 'chris', 'martini', 'want', 'something', 'like', 'thisdoodoodoo', 'doodoodoodoodoodoo', 'doodoodoodoodoo', 'doodoodoooh', 'want', 'something', 'like', 'thisdoodoodoo', 'doodoodoodoodoodoo', 'doodoodoodoodoo', 'doodoodoochorus', 'chris', 'martinoh', 'want', 'something', 'like', 'thisi', 'want', 'something', 'like', 'thisverse', '2', 'chris', 'martinive', 'reading', 'books', 'oldthe', 'legends', 'mythsthe', 'testaments', 'toldthe', 'moon', 'eclipseand', 'superman', 'unrollsa', 'suit', 'liftsbut', 'im', 'kind', 'person', 'fitsprechorus', 'chris', 'martinshe', 'said', 'whered', 'wan', 'na', 'gohow', 'much', 'wan', 'na', 'riskim', 'looking', 'somebodywith', 'superhuman', 'giftssome', 'superherosome', 'fairytale', 'blissjust', 'something', 'turn', 'tosomebody', 'misschorus', 'chris', 'martini', 'want', 'something', 'like', 'thisi', 'want', 'something', 'like', 'thisbridge', 'chris', 'martinoh', 'want', 'something', 'like', 'thisdoodoodoo', 'doodoodoodoodoodoo', 'doodoodoodoodoo', 'doodoodoooh', 'want', 'something', 'like', 'thisdoodoodoo', 'doodoodoodoodoodoo', 'doodoodoodoodoo', 'doodoodooprechorus', 'chris', 'martinwhered', 'wan', 'na', 'gohow', 'much', 'wan', 'na', 'riskim', 'looking', 'somebodywith', 'superhuman', 'giftssome', 'superherosome', 'fairytale', 'blissjust', 'something', 'turn', 'tosomebody', 'kissi', 'want', 'something', 'like', 'thischorus', 'chris', 'martinoh', 'want', 'something', 'like', 'thisoh', 'want', 'something', 'like', 'thisoh', 'want', 'something', 'like', 'thisoutro', 'chris', 'martinarigatouarigatou', 'gozaimasu']","['NOUN', 'NOUN', 'NUM', 'NOUN', 'ADJ', 'NOUN', 'NOUN', 'ADP', 'NOUN', 'NOUN', 'NOUN', 'PROPN', 'PROPN', 'PROPN', 'PROPN', 'ADV', 'AUX', 'PART', 'VERB', 'SCONJ', 'PROPN', 'PROPN', 'PROPN', 'VERB', 'SCONJ', 'PROPN', 'VERB', 'PART', 'VERB', 'ADJ', 'NOUN', 'AUX', 'PROPN', 'VERB', 'PROPN', 'PROPN', 'PROPN', 'ADJ', 'NOUN', 'NOUN', 'PRON', 'VERB', 'PRON', 'NOUN', 'PROPN', 'PROPN', 'VERB', 'PRON', 'ADP', 'PROPN', 'PROPN', 'PROPN', 'PROPN', 'VERB', 'PRON', 'ADP', 'PROPN', 'PROPN', 'PROPN', 'PROPN', 'PROPN', 'PROPN', 'VERB', 'PRON', 'ADP', 'NOUN', 'VERB', 'PRON', 'ADP', 'NOUN', 'NUM', 'NOUN', 'ADJ', 'NOUN', 'NOUN', 'X', 'NOUN', 'NOUN', 'NOUN', 'PROPN', 'PROPN', 'PROPN', 'NOUN', 'PROPN', 'NOUN', 'NOUN', 'PRON', 'VERB', 'ADV', 'NOUN', 'PROPN', 'PROPN', 'PROPN', 'VERB', 'SCONJ', 'PROPN', 'VERB', 'PART', 'VERB', 'ADJ', 'NOUN', 'AUX', 'PROPN', 'VERB', 'PROPN', 'PROPN', 'PROPN', 'ADJ', 'NOUN', 'NOUN', 'PRON', 'VERB', 'PRON', 'PROPN', 'PROPN', 'PROPN', 'VERB', 'PRON', 'ADP', 'NOUN', 'VERB', 'PRON', 'ADP', 'NOUN', 'PROPN', 'PROPN', 'VERB', 'PRON', 'ADP', 'PROPN', 'PROPN', 'PROPN', 'PROPN', 'VERB', 'PRON', 'ADP', 'PROPN', 'PROPN', 'PROPN', 'PROPN', 'PROPN', 'VERB', 'NOUN', 'PART', 'VERB', 'ADJ', 'NOUN', 'AUX', 'PROPN', 'VERB', 'PROPN', 'PROPN', 'PROPN', 'ADJ', 'NOUN', 'NOUN', 'PRON', 'VERB', 'PRON', 'NOUN', 'VERB', 'PRON', 'ADP', 'NOUN', 'PROPN', 'PROPN', 'VERB', 'PRON', 'ADP', 'NOUN', 'VERB', 'PRON', 'ADP', 'NOUN', 'VERB', 'PRON', 'ADP', 'PROPN', 'PROPN', 'PROPN', 'PROPN']","['feat', 'chainsmokersverse', '1', 'chris', 'martinive', 'reading', 'book', 'oldthe', 'legend', 'mythsachille', 'goldhercule', 'giftsspidermans', 'controland', 'batman', 'fistsand', 'clearly', 'do', 'not', 'see', 'upon', 'listprechorus', 'chris', 'martinbut', 'say', 'where', 'd', 'wan', 'na', 'gohow', 'much', 'wan', 'na', 'riskim', 'look', 'somebodywith', 'superhuman', 'giftssome', 'superherosome', 'fairytale', 'blissjust', 'something', 'turn', 'tosomebody', 'kissbridge', 'chris', 'martini', 'want', 'something', 'like', 'thisdoodoodoo', 'doodoodoodoodoodoo', 'doodoodoodoodoo', 'doodoodoooh', 'want', 'something', 'like', 'thisdoodoodoo', 'doodoodoodoodoodoo', 'doodoodoodoodoo', 'doodoodoochorus', 'chris', 'martinoh', 'want', 'something', 'like', 'thisi', 'want', 'something', 'like', 'thisverse', '2', 'chris', 'martinive', 'reading', 'book', 'oldthe', 'legend', 'mythsthe', 'testament', 'toldthe', 'moon', 'eclipseand', 'superman', 'unrollsa', 'suit', 'liftsbut', 'I', 'm', 'kind', 'person', 'fitsprechorus', 'chris', 'martinshe', 'say', 'where', 'd', 'wan', 'na', 'gohow', 'much', 'wan', 'na', 'riskim', 'look', 'somebodywith', 'superhuman', 'giftssome', 'superherosome', 'fairytale', 'blissjust', 'something', 'turn', 'tosomebody', 'misschorus', 'chris', 'martini', 'want', 'something', 'like', 'thisi', 'want', 'something', 'like', 'thisbridge', 'chris', 'martinoh', 'want', 'something', 'like', 'thisdoodoodoo', 'doodoodoodoodoodoo', 'doodoodoodoodoo', 'doodoodoooh', 'want', 'something', 'like', 'thisdoodoodoo', 'doodoodoodoodoodoo', 'doodoodoodoodoo', 'doodoodooprechorus', 'chris', 'martinwhere', 'wan', 'na', 'gohow', 'much', 'wan', 'na', 'riskim', 'look', 'somebodywith', 'superhuman', 'giftssome', 'superherosome', 'fairytale', 'blissjust', 'something', 'turn', 'tosomebody', 'kissi', 'want', 'something', 'like', 'thischoru', 'chris', 'martinoh', 'want', 'something', 'like', 'thisoh', 'want', 'something', 'like', 'thisoh', 'want', 'something', 'like', 'thisoutro', 'chris', 'martinarigatouarigatou', 'gozaimasu']"
The Scientist,"Come up to meet ya, tell you I'm sorryYou don't know how lovely you areI had to find you, tell you I need youTell you I set you apartTell me your secrets, and ask me your questionsOh let's go back to the startRunning in circles, coming in tailsHeads on a science apartNobody said it was easyIt's such a shame for us to partNobody said that was easyNo one ever said it would be this hardOh take me back to the startI was just guessing at numbers and figuresPulling the puzzles apart.Questions of science, science and progressDon't speak as loud as my heart.Tell me you love me, and come back and haunt me,Oh, when I rush to the startRunning in circles, chasing tailsComing back as we are.Nobody said it was easyIt's such a shame for us to partNobody said that was easy.No one ever said it would be so hardI'm going back to the start","['come', 'meet', 'ya', 'tell', 'im', 'sorryyou', 'dont', 'know', 'lovely', 'arei', 'find', 'tell', 'need', 'youtell', 'set', 'aparttell', 'secrets', 'ask', 'questionsoh', 'lets', 'go', 'back', 'startrunning', 'circles', 'coming', 'tailsheads', 'science', 'apartnobody', 'said', 'easyits', 'shame', 'us', 'partnobody', 'said', 'easyno', 'one', 'ever', 'said', 'would', 'hardoh', 'take', 'back', 'starti', 'guessing', 'numbers', 'figurespulling', 'puzzles', 'apartquestions', 'science', 'science', 'progressdont', 'speak', 'loud', 'hearttell', 'love', 'come', 'back', 'haunt', 'meoh', 'rush', 'startrunning', 'circles', 'chasing', 'tailscoming', 'back', 'arenobody', 'said', 'easyits', 'shame', 'us', 'partnobody', 'said', 'easyno', 'one', 'ever', 'said', 'would', 'hardim', 'going', 'back', 'start']","['VERB', 'VERB', 'PROPN', 'PROPN', 'PRON', 'VERB', 'PROPN', 'AUX', 'PART', 'VERB', 'ADJ', 'ADV', 'NOUN', 'AUX', 'AUX', 'PROPN', 'VERB', 'NOUN', 'NOUN', 'VERB', 'NOUN', 'NOUN', 'VERB', 'ADV', 'VERB', 'NOUN', 'VERB', 'NOUN', 'PROPN', 'NOUN', 'VERB', 'NOUN', 'NOUN', 'PRON', 'NOUN', 'VERB', 'PROPN', 'NUM', 'ADV', 'VERB', 'AUX', 'ADV', 'VERB', 'ADP', 'NOUN', 'NOUN', 'NOUN', 'VERB', 'NOUN', 'NOUN', 'NOUN', 'PROPN', 'PROPN', 'VERB', 'ADJ', 'ADJ', 'NOUN', 'VERB', 'ADV', 'NOUN', 'PROPN', 'NOUN', 'VERB', 'NOUN', 'VERB', 'VERB', 'ADP', 'NOUN', 'VERB', 'NOUN', 'NOUN', 'PRON', 'NOUN', 'VERB', 'PROPN', 'NUM', 'ADV', 'VERB', 'AUX', 'VERB', 'VERB', 'ADV', 'NOUN']","['come', 'meet', 'ya', 'tell', 'I', 'm', 'sorryyou', 'do', 'not', 'know', 'lovely', 'arei', 'find', 'tell', 'need', 'youtell', 'set', 'aparttell', 'secret', 'ask', 'questionsoh', 'let', 'go', 'back', 'startrunne', 'circle', 'come', 'tailshead', 'science', 'apartnobody', 'say', 'easyit', 'shame', 'we', 'partnobody', 'say', 'easyno', 'one', 'ever', 'say', 'would', 'hardoh', 'take', 'back', 'starti', 'guessing', 'number', 'figurespulle', 'puzzle', 'apartquestion', 'science', 'science', 'progressdont', 'speak', 'loud', 'hearttell', 'love', 'come', 'back', 'haunt', 'meoh', 'rush', 'startrunne', 'circle', 'chase', 'tailscome', 'back', 'arenobody', 'say', 'easyit', 'shame', 'we', 'partnobody', 'say', 'easyno', 'one', 'ever', 'say', 'would', 'hardim', 'go', 'back', 'start']"
Every Teardrop Is a Waterfall,"I turn the music up, I got my records onI shut the world outside until the lights come onMaybe the streets alight, maybe the trees are goneI feel my heart start beating to my favourite songAnd all the kids they dance, all the kids all nightUntil Monday morning feels another lifeI turn the music upI'm on a roll this timeAnd heaven is in sightI turn the music up, I got my records onFrom underneath the rubble sing a rebel songDon't want to see another generation dropI'd rather be a comma than a full stopMaybe I'm in the black, maybe I'm on my kneesMaybe I'm in the gap between the two trapezesBut my heart is beating and my pulses startCathedrals in my heartAs we saw oh this light I swear you, emerge blinking intoTo tell me it's alrightAs we soar walls, every siren is a symphonyAnd every tear's a waterfallIs a waterfallOhIs a waterfallOh oh ohIs a is a waterfallEvery tearIs a waterfallOh oh ohSo you can hurt, hurt me badBut still I'll raise the flagOhIt was a wa wa wa wa wa-aterfallA wa wa wa wa wa-aterfallEvery tearEvery tearEvery teardrop is a waterfallEvery tearEvery tearEvery teardrop is a waterfall","['turn', 'music', 'got', 'records', 'oni', 'shut', 'world', 'outside', 'lights', 'come', 'onmaybe', 'streets', 'alight', 'maybe', 'trees', 'gonei', 'feel', 'heart', 'start', 'beating', 'favourite', 'songand', 'kids', 'dance', 'kids', 'nightuntil', 'monday', 'morning', 'feels', 'another', 'lifei', 'turn', 'music', 'upim', 'roll', 'timeand', 'heaven', 'sighti', 'turn', 'music', 'got', 'records', 'onfrom', 'underneath', 'rubble', 'sing', 'rebel', 'songdont', 'want', 'see', 'another', 'generation', 'dropid', 'rather', 'comma', 'full', 'stopmaybe', 'im', 'black', 'maybe', 'im', 'kneesmaybe', 'im', 'gap', 'two', 'trapezesbut', 'heart', 'beating', 'pulses', 'startcathedrals', 'heartas', 'saw', 'oh', 'light', 'swear', 'emerge', 'blinking', 'intoto', 'tell', 'alrightas', 'soar', 'walls', 'every', 'siren', 'symphonyand', 'every', 'tears', 'waterfallis', 'waterfallohis', 'waterfalloh', 'oh', 'ohis', 'waterfallevery', 'tearis', 'waterfalloh', 'oh', 'ohso', 'hurt', 'hurt', 'badbut', 'still', 'ill', 'raise', 'flagohit', 'wa', 'wa', 'wa', 'wa', 'waaterfalla', 'wa', 'wa', 'wa', 'wa', 'waaterfallevery', 'tearevery', 'tearevery', 'teardrop', 'waterfallevery', 'tearevery', 'tearevery', 'teardrop', 'waterfall']","['VERB', 'NOUN', 'VERB', 'NOUN', 'ADJ', 'PROPN', 'PROPN', 'ADJ', 'NOUN', 'VERB', 'ADV', 'NOUN', 'ADJ', 'ADV', 'NOUN', 'PROPN', 'VERB', 'NOUN', 'VERB', 'VERB', 'ADJ', 'NOUN', 'NOUN', 'NOUN', 'NOUN', 'PROPN', 'PROPN', 'NOUN', 'VERB', 'DET', 'NOUN', 'VERB', 'NOUN', 'NOUN', 'NOUN', 'PROPN', 'PROPN', 'NOUN', 'NOUN', 'NOUN', 'VERB', 'NOUN', 'ADP', 'ADP', 'NOUN', 'NOUN', 'NOUN', 'NOUN', 'NOUN', 'VERB', 'DET', 'NOUN', 'ADJ', 'ADV', 'NOUN', 'ADJ', 'PROPN', 'PRON', 'VERB', 'ADJ', 'ADV', 'PRON', 'VERB', 'ADV', 'PRON', 'VERB', 'NOUN', 'NUM', 'NOUN', 'NOUN', 'NOUN', 'NOUN', 'NOUN', 'NOUN', 'VERB', 'INTJ', 'NOUN', 'ADJ', 'NOUN', 'VERB', 'NOUN', 'VERB', 'NOUN', 'NOUN', 'NOUN', 'DET', 'ADJ', 'NOUN', 'DET', 'NOUN', 'PROPN', 'PROPN', 'NOUN', 'INTJ', 'INTJ', 'NOUN', 'NOUN', 'PROPN', 'INTJ', 'NOUN', 'NOUN', 'VERB', 'PROPN', 'ADV', 'ADJ', 'NOUN', 'PROPN', 'INTJ', 'INTJ', 'INTJ', 'INTJ', 'INTJ', 'INTJ', 'INTJ', 'INTJ', 'INTJ', 'ADJ', 'PROPN', 'PROPN', 'PROPN', 'PROPN', 'PROPN', 'PROPN', 'NOUN', 'PROPN']","['turn', 'music', 'get', 'record', 'oni', 'shut', 'world', 'outside', 'light', 'come', 'onmaybe', 'street', 'alight', 'maybe', 'tree', 'gonei', 'feel', 'heart', 'start', 'beat', 'favourite', 'songand', 'kid', 'dance', 'kid', 'nightuntil', 'monday', 'morning', 'feel', 'another', 'lifei', 'turn', 'music', 'upim', 'roll', 'timeand', 'heaven', 'sighti', 'turn', 'music', 'get', 'record', 'onfrom', 'underneath', 'rubble', 'sing', 'rebel', 'songdont', 'want', 'see', 'another', 'generation', 'dropid', 'rather', 'comma', 'full', 'stopmaybe', 'I', 'm', 'black', 'maybe', 'I', 'm', 'kneesmaybe', 'I', 'm', 'gap', 'two', 'trapezesbut', 'heart', 'beating', 'pulse', 'startcathedral', 'hearta', 'see', 'oh', 'light', 'swear', 'emerge', 'blink', 'intoto', 'tell', 'alrighta', 'soar', 'wall', 'every', 'siren', 'symphonyand', 'every', 'tear', 'waterfallis', 'waterfallohis', 'waterfalloh', 'oh', 'ohis', 'waterfallevery', 'tearis', 'waterfalloh', 'oh', 'ohso', 'hurt', 'hurt', 'badbut', 'still', 'ill', 'raise', 'flagohit', 'wa', 'wa', 'wa', 'wa', 'waaterfalla', 'wa', 'wa', 'wa', 'wa', 'waaterfallevery', 'tearevery', 'tearevery', 'teardrop', 'waterfallevery', 'tearevery', 'tearevery', 'teardrop', 'waterfall']"
Christmas Lights,"Christmas nightAnother fightTears we cried a floodGot all kinds of poison inOf poison in my bloodTook my feetTo Oxford streetTrying to right a wrong""Just walk away"", those windows sayBut I can't believe she's goneWhen you're still waiting for the snow to fallIt doesn't really feel like Christmas at allUp above candles on air flickerOh they flicker and they flowAnd I'm up here holding on to all those chandeliers of hopeLike some drunken Elvis singingI go singing out of tuneSinging how I always loved you darlingAnd I always willOh when you're still waiting for the snow to fallIt doesn't really feel like Christmas at allStill waiting for the snow to fallIt doesn't really feel like Christmas at allThose Christmas lightsLight up the streetDown where the sea and city meetMay all your troubles soon be goneOh Christmas lightsKeep shining onThose Christmas lightsLight up the streetMaybe they'll bring her back to meThen all my troubles will be goneOh Christmas lightsKeep shining onOh woah oh oh oh oh ohoOh Christmas lightsLight up the streetLight up the fireworks in meMay all your troubles soon be goneThose Christmas lightsKeep shining on","['christmas', 'nightanother', 'fighttears', 'cried', 'floodgot', 'kinds', 'poison', 'inof', 'poison', 'bloodtook', 'feetto', 'oxford', 'streettrying', 'right', 'wrongjust', 'walk', 'away', 'windows', 'saybut', 'cant', 'believe', 'shes', 'gonewhen', 'youre', 'still', 'waiting', 'snow', 'fallit', 'doesnt', 'really', 'feel', 'like', 'christmas', 'allup', 'candles', 'air', 'flickeroh', 'flicker', 'flowand', 'im', 'holding', 'chandeliers', 'hopelike', 'drunken', 'elvis', 'singingi', 'go', 'singing', 'tunesinging', 'always', 'loved', 'darlingand', 'always', 'willoh', 'youre', 'still', 'waiting', 'snow', 'fallit', 'doesnt', 'really', 'feel', 'like', 'christmas', 'allstill', 'waiting', 'snow', 'fallit', 'doesnt', 'really', 'feel', 'like', 'christmas', 'allthose', 'christmas', 'lightslight', 'streetdown', 'sea', 'city', 'meetmay', 'troubles', 'soon', 'goneoh', 'christmas', 'lightskeep', 'shining', 'onthose', 'christmas', 'lightslight', 'streetmaybe', 'theyll', 'bring', 'back', 'methen', 'troubles', 'goneoh', 'christmas', 'lightskeep', 'shining', 'onoh', 'woah', 'oh', 'oh', 'oh', 'oh', 'ohooh', 'christmas', 'lightslight', 'streetlight', 'fireworks', 'memay', 'troubles', 'soon', 'gonethose', 'christmas', 'lightskeep', 'shining']","['PROPN', 'ADJ', 'NOUN', 'VERB', 'NOUN', 'NOUN', 'VERB', 'PROPN', 'NOUN', 'NOUN', 'NOUN', 'NOUN', 'VERB', 'ADJ', 'NOUN', 'VERB', 'ADV', 'PROPN', 'PROPN', 'AUX', 'PART', 'VERB', 'PRON', 'VERB', 'NOUN', 'PRON', 'AUX', 'ADV', 'VERB', 'NOUN', 'VERB', 'AUX', 'PART', 'ADV', 'VERB', 'ADP', 'PROPN', 'PROPN', 'PROPN', 'PROPN', 'PROPN', 'PROPN', 'PROPN', 'PRON', 'AUX', 'VERB', 'NOUN', 'VERB', 'PROPN', 'PROPN', 'PROPN', 'VERB', 'VERB', 'NOUN', 'ADV', 'VERB', 'ADV', 'ADV', 'PROPN', 'PRON', 'AUX', 'ADV', 'VERB', 'NOUN', 'VERB', 'AUX', 'PART', 'ADV', 'VERB', 'ADP', 'PROPN', 'NOUN', 'VERB', 'NOUN', 'VERB', 'AUX', 'PART', 'ADV', 'VERB', 'SCONJ', 'PROPN', 'PROPN', 'PROPN', 'PROPN', 'PROPN', 'NOUN', 'NOUN', 'PROPN', 'NOUN', 'ADV', 'VERB', 'PROPN', 'NOUN', 'VERB', 'ADJ', 'PROPN', 'NOUN', 'ADV', 'PRON', 'AUX', 'VERB', 'ADV', 'NOUN', 'NOUN', 'VERB', 'PROPN', 'ADV', 'VERB', 'NOUN', 'PROPN', 'INTJ', 'INTJ', 'INTJ', 'INTJ', 'NOUN', 'PROPN', 'PROPN', 'ADJ', 'NOUN', 'PROPN', 'NOUN', 'ADV', 'VERB', 'PROPN', 'NOUN', 'VERB']","['christmas', 'nightanother', 'fighttear', 'cry', 'floodgot', 'kind', 'poison', 'inof', 'poison', 'bloodtook', 'feetto', 'oxford', 'streettrye', 'right', 'wrongjust', 'walk', 'away', 'windows', 'saybut', 'can', 'not', 'believe', 'she', 's', 'gonewhen', 'you', 're', 'still', 'wait', 'snow', 'fallit', 'do', 'not', 'really', 'feel', 'like', 'christmas', 'allup', 'candles', 'air', 'flickeroh', 'flicker', 'flowand', 'I', 'm', 'hold', 'chandelier', 'hopelike', 'drunken', 'elvis', 'singingi', 'go', 'singe', 'tunesinging', 'always', 'love', 'darlingand', 'always', 'willoh', 'you', 're', 'still', 'wait', 'snow', 'fallit', 'do', 'not', 'really', 'feel', 'like', 'christmas', 'allstill', 'wait', 'snow', 'fallit', 'do', 'not', 'really', 'feel', 'like', 'christmas', 'allthose', 'christmas', 'lightslight', 'streetdown', 'sea', 'city', 'meetmay', 'trouble', 'soon', 'goneoh', 'christmas', 'lightskeep', 'shine', 'onthose', 'christmas', 'lightslight', 'streetmaybe', 'they', 'll', 'bring', 'back', 'methen', 'trouble', 'goneoh', 'christmas', 'lightskeep', 'shine', 'onoh', 'woah', 'oh', 'oh', 'oh', 'oh', 'ohooh', 'christmas', 'lightslight', 'streetlight', 'firework', 'memay', 'trouble', 'soon', 'gonethose', 'christmas', 'lightskeep', 'shine']"
Fix You,"When you try your best, but you don't succeedWhen you get what you want, but not what you needWhen you feel so tired, but you can't sleepStuck in reverseAnd the tears come streaming down your faceWhen you lose something you can't replaceWhen you love someone but it goes to wasteCould it be worse?Lights will guide you home,And ignite your bones,And I will try to fix you,High up above or down belowWhen you're too in love to let it goBut if you never try you'll never knowJust what you're worthLights will guide you homeAnd ignite your bonesAnd I will try to fix youTears stream down your faceWhen you lose something you cannot replaceTears stream down your faceAnd ITears stream down your faceI promise you I will learn from my mistakesTears stream down your faceAnd ILights will guide you homeAnd ignite your bonesAnd I will try to fix you","['try', 'best', 'dont', 'succeedwhen', 'get', 'want', 'needwhen', 'feel', 'tired', 'cant', 'sleepstuck', 'reverseand', 'tears', 'come', 'streaming', 'facewhen', 'lose', 'something', 'cant', 'replacewhen', 'love', 'someone', 'goes', 'wastecould', 'worselights', 'guide', 'homeand', 'ignite', 'bonesand', 'try', 'fix', 'youhigh', 'belowwhen', 'youre', 'love', 'let', 'gobut', 'never', 'try', 'youll', 'never', 'knowjust', 'youre', 'worthlights', 'guide', 'homeand', 'ignite', 'bonesand', 'try', 'fix', 'youtears', 'stream', 'facewhen', 'lose', 'something', 'replacetears', 'stream', 'faceand', 'itears', 'stream', 'facei', 'promise', 'learn', 'mistakestears', 'stream', 'faceand', 'ilights', 'guide', 'homeand', 'ignite', 'bonesand', 'try', 'fix']","['VERB', 'ADV', 'AUX', 'PART', 'VERB', 'VERB', 'VERB', 'ADV', 'VERB', 'ADJ', 'AUX', 'PART', 'VERB', 'NOUN', 'NOUN', 'VERB', 'ADJ', 'NOUN', 'VERB', 'PRON', 'AUX', 'PART', 'VERB', 'VERB', 'PRON', 'VERB', 'AUX', 'NOUN', 'VERB', 'PROPN', 'PROPN', 'PROPN', 'VERB', 'NOUN', 'PROPN', 'NOUN', 'PRON', 'AUX', 'NOUN', 'VERB', 'ADV', 'ADV', 'VERB', 'PRON', 'AUX', 'ADV', 'VERB', 'PRON', 'VERB', 'NOUN', 'VERB', 'PROPN', 'PROPN', 'PROPN', 'VERB', 'NOUN', 'NOUN', 'NOUN', 'NOUN', 'VERB', 'PRON', 'NOUN', 'VERB', 'NOUN', 'NOUN', 'VERB', 'NOUN', 'NOUN', 'VERB', 'NOUN', 'VERB', 'NOUN', 'NOUN', 'VERB', 'PROPN', 'PROPN', 'PROPN', 'VERB', 'VERB']","['try', 'well', 'do', 'not', 'succeedwhen', 'get', 'want', 'needwhen', 'feel', 'tired', 'can', 'not', 'sleepstuck', 'reverseand', 'tear', 'come', 'streaming', 'facewhen', 'lose', 'something', 'can', 'not', 'replacewhen', 'love', 'someone', 'go', 'wastecould', 'worselight', 'guide', 'homeand', 'ignite', 'bonesand', 'try', 'fix', 'youhigh', 'belowwhen', 'you', 're', 'love', 'let', 'gobut', 'never', 'try', 'you', 'll', 'never', 'knowjust', 'you', 're', 'worthlight', 'guide', 'homeand', 'ignite', 'bonesand', 'try', 'fix', 'youtear', 'stream', 'facewhen', 'lose', 'something', 'replacetear', 'stream', 'faceand', 'itear', 'stream', 'facei', 'promise', 'learn', 'mistakestear', 'stream', 'faceand', 'ilight', 'guide', 'homeand', 'ignite', 'bonesand', 'try', 'fix']"
Hymn for the Weekend,"Oh, angel sent from up aboveYou know you make my world light upWhen I was down, when I was hurtYou came to lift me upLife is a drink and loves a drugOh, now I think I must be miles upWhen I was a river dried upYou came to rain a floodAnd said drink from me, drink from meWhen I was so thirstyPour on a symphony, now I just can't get enoughPut your wings on me, wings on meWhen I was so heavyPour on a symphony when I'm low, low, low, lowI, oh I, oh I, got me feeling drunk and highSo high, so highOh I, oh I, oh I, I'm feeling drunk and highSo high, so highOh, angel sent from up aboveI feel you coursing through my bloodLife is a drink and your love'sAbout to make the stars come outPut your wings on me, wings on meWhen I was so heavyPour on a symphony, when I'm low, low, low, lowI, oh I, oh I, got me feeling drunk and highSo high, so highOh I, oh I, oh I, I'm feeling drunk and highSo high, so highI, oh I, oh I, lalala lalalalaSo high, so highI, oh I, oh I, I'm feeling drunk and highSo high, so highLet me shoot across the skyLet me shoot across theLet me shoot across the skyLet me shoot across theLet me shoot across the skyLet me shoot across theLet me shoot across the skyLet me shoot across the","['oh', 'angel', 'sent', 'aboveyou', 'know', 'make', 'world', 'light', 'upwhen', 'hurtyou', 'came', 'lift', 'uplife', 'drink', 'loves', 'drugoh', 'think', 'must', 'miles', 'upwhen', 'river', 'dried', 'upyou', 'came', 'rain', 'floodand', 'said', 'drink', 'drink', 'mewhen', 'thirstypour', 'symphony', 'cant', 'get', 'enoughput', 'wings', 'wings', 'mewhen', 'heavypour', 'symphony', 'im', 'low', 'low', 'low', 'lowi', 'oh', 'oh', 'got', 'feeling', 'drunk', 'highso', 'high', 'highoh', 'oh', 'oh', 'im', 'feeling', 'drunk', 'highso', 'high', 'highoh', 'angel', 'sent', 'abovei', 'feel', 'coursing', 'bloodlife', 'drink', 'lovesabout', 'make', 'stars', 'come', 'output', 'wings', 'wings', 'mewhen', 'heavypour', 'symphony', 'im', 'low', 'low', 'low', 'lowi', 'oh', 'oh', 'got', 'feeling', 'drunk', 'highso', 'high', 'highoh', 'oh', 'oh', 'im', 'feeling', 'drunk', 'highso', 'high', 'highi', 'oh', 'oh', 'lalala', 'lalalalaso', 'high', 'highi', 'oh', 'oh', 'im', 'feeling', 'drunk', 'highso', 'high', 'highlet', 'shoot', 'across', 'skylet', 'shoot', 'across', 'thelet', 'shoot', 'across', 'skylet', 'shoot', 'across', 'thelet', 'shoot', 'across', 'skylet', 'shoot', 'across', 'thelet', 'shoot', 'across', 'skylet', 'shoot', 'across']","['INTJ', 'NOUN', 'VERB', 'ADV', 'VERB', 'VERB', 'NOUN', 'NOUN', 'PROPN', 'PROPN', 'VERB', 'VERB', 'NOUN', 'NOUN', 'VERB', 'PROPN', 'NOUN', 'AUX', 'NOUN', 'VERB', 'NOUN', 'VERB', 'NOUN', 'VERB', 'NOUN', 'NOUN', 'VERB', 'NOUN', 'VERB', 'PROPN', 'PROPN', 'NOUN', 'AUX', 'PART', 'VERB', 'VERB', 'NOUN', 'NOUN', 'PROPN', 'INTJ', 'NOUN', 'PRON', 'VERB', 'ADJ', 'ADJ', 'ADJ', 'NOUN', 'INTJ', 'INTJ', 'AUX', 'VERB', 'ADJ', 'NOUN', 'ADJ', 'NOUN', 'INTJ', 'INTJ', 'PRON', 'AUX', 'VERB', 'ADJ', 'NOUN', 'ADJ', 'PROPN', 'NOUN', 'VERB', 'PROPN', 'VERB', 'VERB', 'NOUN', 'NOUN', 'NOUN', 'VERB', 'NOUN', 'VERB', 'NOUN', 'NOUN', 'NOUN', 'PROPN', 'INTJ', 'NOUN', 'PRON', 'VERB', 'ADJ', 'ADJ', 'ADJ', 'NOUN', 'INTJ', 'INTJ', 'AUX', 'VERB', 'ADJ', 'NOUN', 'ADJ', 'NOUN', 'INTJ', 'INTJ', 'PRON', 'AUX', 'VERB', 'ADJ', 'NOUN', 'ADJ', 'NOUN', 'INTJ', 'INTJ', 'NOUN', 'VERB', 'ADJ', 'NOUN', 'INTJ', 'INTJ', 'PRON', 'AUX', 'VERB', 'ADJ', 'NOUN', 'ADJ', 'NOUN', 'NOUN', 'ADP', 'NOUN', 'NOUN', 'ADP', 'NOUN', 'NOUN', 'ADP', 'NOUN', 'NOUN', 'ADP', 'NOUN', 'NOUN', 'ADP', 'NOUN', 'NOUN', 'ADP', 'NOUN', 'NOUN', 'ADP', 'NOUN', 'NOUN', 'ADP']","['oh', 'angel', 'send', 'aboveyou', 'know', 'make', 'world', 'light', 'upwhen', 'hurtyou', 'come', 'lift', 'uplife', 'drink', 'love', 'drugoh', 'think', 'must', 'mile', 'upwhen', 'river', 'dry', 'upyou', 'come', 'rain', 'floodand', 'say', 'drink', 'drink', 'mewhen', 'thirstypour', 'symphony', 'can', 'not', 'get', 'enoughput', 'wing', 'wing', 'mewhen', 'heavypour', 'symphony', 'I', 'm', 'low', 'low', 'low', 'lowi', 'oh', 'oh', 'get', 'feel', 'drunk', 'highso', 'high', 'highoh', 'oh', 'oh', 'I', 'm', 'feel', 'drunk', 'highso', 'high', 'highoh', 'angel', 'send', 'abovei', 'feel', 'course', 'bloodlife', 'drink', 'lovesabout', 'make', 'star', 'come', 'output', 'wing', 'wing', 'mewhen', 'heavypour', 'symphony', 'I', 'm', 'low', 'low', 'low', 'lowi', 'oh', 'oh', 'get', 'feel', 'drunk', 'highso', 'high', 'highoh', 'oh', 'oh', 'I', 'm', 'feel', 'drunk', 'highso', 'high', 'highi', 'oh', 'oh', 'lalala', 'lalalalaso', 'high', 'highi', 'oh', 'oh', 'I', 'm', 'feel', 'drunk', 'highso', 'high', 'highlet', 'shoot', 'across', 'skylet', 'shoot', 'across', 'thelet', 'shoot', 'across', 'skylet', 'shoot', 'across', 'thelet', 'shoot', 'across', 'skylet', 'shoot', 'across', 'thelet', 'shoot', 'across', 'skylet', 'shoot', 'across']"
